latitude,longitude,site_name,site_number,sample,p450,SOD,weight_initial,length,width,height,weight_final,weight_change,condition_factor,avg_thickness
47.40301418,-122.3305538,Des Moines Marina,21,1,5679312,4.027,13.892,57.31,26.6,19.15,4.625,9.27,0.1618,0.88
47.40301418,-122.3305538,Des Moines Marina,21,2,6097784,4.41,15.309,58.42,26.46,19.39,5.149,10.16,0.1739,1.145
47.40301418,-122.3305538,Des Moines Marina,21,3,3868923,5.064,13.815,58.53,26.81,19.1,5.022,8.79,0.1502,0.945
47.40301418,-122.3305538,Des Moines Marina,21,4,3899451,25.058,13.466,55.06,25.56,18.39,4.776,8.69,0.1578,1.01
47.7296079,-122.5506191,Suquamish Stormwater Outfall,34,5,5346329,0.512,12.915,55.52,23.69,18.87,4.034,8.88,0.1599,1.015
47.7296079,-122.5506191,Suquamish Stormwater Outfall,34,6,2044561,6.049,16.868,58.65,26.34,20.32,5.826,11.04,0.1882,1.065
47.7296079,-122.5506191,Suquamish Stormwater Outfall,34,7,5633230,2.326,15.689,55.96,35.5,29.45,5.359,10.33,0.1846,1.02
47.7296079,-122.5506191,Suquamish Stormwater Outfall,34,8,4330102,14.39,14.717,51.31,31.55,24.5,5.017,9.7,0.189,0.985
47.2619,-122.7376,Pennrose Point State Park,50,9,7518449,2.815,18.242,46.86,28.2,21.57,6.199,12.04,0.2569,0.955
47.2619,-122.7376,Pennrose Point State Park,50,10,2993202,4.845,11.143,52.15,28.83,22.84,3.983,7.16,0.1373,0.81
47.2619,-122.7376,Pennrose Point State Park,50,11,3607485,7.438,14.388,60.21,31.36,24.3,4.402,9.99,0.1659,0.855
47.2619,-122.7376,Pennrose Point State Park,50,12,2656342,2.9,13.61,59.56,32.33,24.54,3.954,9.66,0.1622,0.81
48.02667,-122.75076,S of Skunk Island,9,13,3719291,8.989,11.037,51.91,24.96,18.88,3.136,7.9,0.1522,0.815
48.02667,-122.75076,S of Skunk Island,9,14,5059896,7.334,14.671,55.51,25.49,19.86,4.645,10.03,0.1807,0.855
48.02667,-122.75076,S of Skunk Island,9,15,4168799,0.978,15.33,56.41,26.58,21.52,4.466,10.86,0.1925,0.78
48.02667,-122.75076,S of Skunk Island,9,16,1279705,27.927,11.752,53.03,24.84,19.26,3.118,8.63,0.1627,0.695
47.94968,-122.30158,Mukilteo,65,17,7725177,7.613,10.483,53.29,23.91,17.78,3.296,7.19,0.1349,0.805
47.94968,-122.30158,Mukilteo,65,18,5159851,6.4,12.325,54.96,25.82,18.71,3.583,8.74,0.159,0.83
47.94968,-122.30158,Mukilteo,65,19,3877914,0.271,13.777,57.59,26.17,19.4,4.478,9.3,0.1615,0.855
47.94968,-122.30158,Mukilteo,65,20,3542349,16.142,11.656,53.76,24.74,18.75,3.194,8.46,0.1574,0.675
47.8111,-122.388,Edmonds Marina,68,21,3150477,7.034,11.182,52.77,23.07,17.68,3.145,8.04,0.1524,0.665
47.8111,-122.388,Edmonds Marina,68,22,6702376,11.402,15.016,58.43,26.47,19.34,4.457,10.56,0.1807,0.885
47.8111,-122.388,Edmonds Marina,68,23,52717198,34.355,13.56,56.34,26.48,18.38,4.58,8.98,0.1594,0.865
47.8111,-122.388,Edmonds Marina,68,24,2444905,13.708,12.715,56.93,26.91,18.56,3.778,8.94,0.157,0.645
48.68975,-122.50434,"Chuckanut, Clark's Point",74,25,4424850,2.988,18.501,60.74,26.1,22.56,6.167,12.33,0.203,0.985
48.68975,-122.50434,"Chuckanut, Clark's Point",74,26,3385205,8.472,14.773,53.85,25.85,20.32,4.312,10.46,0.1942,0.8
48.68975,-122.50434,"Chuckanut, Clark's Point",74,27,3153370,13.731,12.073,59.39,25.18,18.61,3.276,8.8,0.1482,0.475
48.68975,-122.50434,"Chuckanut, Clark's Point",74,28,1063470,25.619,12.94,53.3,25.54,19.44,4.44,8.5,0.1595,0.65
47.58766,-122.35065,"Elliott Bay, Harbor Island, Pier 17",14,29,6892889,1.487,12.846,57.66,24.48,17.47,4.411,8.44,0.1464,0.785
47.58766,-122.35065,"Elliott Bay, Harbor Island, Pier 17",14,30,12192291,6.551,12.174,56.35,23.07,18.29,4.044,8.13,0.1443,0.66
47.58766,-122.35065,"Elliott Bay, Harbor Island, Pier 17",14,31,8571444,13.24,16.193,60.19,25.66,18.55,5.983,10.21,0.1696,1.04
47.58766,-122.35065,"Elliott Bay, Harbor Island, Pier 17",14,32,9119663,0.975,17.646,61.43,25.83,22.25,6.059,11.59,0.1887,0.94
48.8208,-122.7101,"Cherry Point Aquatic Reserve, Conoco Phillips",75,33,4058856,5.642,12,54.14,23.55,17.8,4.046,7.71,0.1424,0.705
48.8208,-122.7101,"Cherry Point Aquatic Reserve, Conoco Phillips",75,34,2991933,9.761,9.375,51.73,20.59,16.93,3.12,6.26,0.121,0.86
48.8208,-122.7101,"Cherry Point Aquatic Reserve, Conoco Phillips",75,35,3977493,1.005,17.294,59.07,26.32,21.34,5.6,11.69,0.1979,0.935
48.8208,-122.7101,"Cherry Point Aquatic Reserve, Conoco Phillips",75,36,3836553,1.463,13.57,55.16,23.68,18.95,5.061,8.51,0.1543,0.975
47.29,-122.41,Comm Bay Skookum,45,37,6882929,7.19,13.552,54.74,26.67,19.1,4.595,8.96,0.1637,0.695
47.29,-122.41,Comm Bay Skookum,45,38,6222187,4.194,12.781,53.86,24.6,19.19,4.368,8.41,0.1561,0.8
47.29,-122.41,Comm Bay Skookum,45,39,0,17.324,12.189,55.26,24.65,18.56,3.829,8.36,0.1513,0.66
47.29,-122.41,Comm Bay Skookum,45,40,4654335,6.966,11.259,52.2,23.54,18.82,3.779,7.48,0.1433,0.865
48.21423,-122.718972,Penn Cove Reference,3,41,2017393,22.233,15.736,57.58,26.59,20.95,4.297,11.44,0.1987,0.545
48.21423,-122.718972,Penn Cove Reference,3,42,3364046,34.492,15.392,59.93,26.4,20.23,4.833,10.56,0.1762,0.645
48.21423,-122.718972,Penn Cove Reference,3,43,956176,29.84,17.856,59.76,30.94,21.59,5.177,12.68,0.2122,0.6
48.21423,-122.718972,Penn Cove Reference,3,44,3373010,8.875,15.636,55.94,26.75,21.68,4.818,10.82,0.1934,0.635
47.6427936,-122.6967068,"Silverdale, Dyes Inlet",35,45,958833,8.638,17.91,59.93,28.12,21.96,5.5596,12.35,0.2061,0.805
47.6427936,-122.6967068,"Silverdale, Dyes Inlet",35,46,2088081,6.569,16.171,54.98,28.61,21.15,5,11.31,0.2057,0.65
47.6427936,-122.6967068,"Silverdale, Dyes Inlet",35,47,1877700,15.572,12.242,56.09,25.42,17.77,3.695,8.55,0.1524,0.635
47.6427936,-122.6967068,"Silverdale, Dyes Inlet",35,48,1683751,73.345,13.212,53.13,25.75,18.58,3.9,9.31,0.1752,0.66
48.69368,-122.90985,"Eastsound, Fishing Bay",60,49,3011817,0,13.388,58.26,25.96,19.08,4.171,9.22,0.1583,0.355
48.69368,-122.90985,"Eastsound, Fishing Bay",60,50,582761,13.708,10.666,53.89,23.32,17.99,3.17,7.5,0.1392,0.405
48.69368,-122.90985,"Eastsound, Fishing Bay",60,51,5287826,25.449,11.223,52.92,24.54,19.2,3.673,7.55,0.1427,0.58
48.69368,-122.90985,"Eastsound, Fishing Bay",60,52,1134272,8.685,12.005,53.88,23.51,18.78,3.906,8.1,0.1503,0.52
47.54167,-122.64034,Kitsap St Boat Launch,25,53,3524590,2.056,na,na,na,na,3.6543,na,na,0.805
47.54167,-122.64034,Kitsap St Boat Launch,25,54,990580,72.981,na,na,na,na,4.4763,na,na,0.8
47.54167,-122.64034,Kitsap St Boat Launch,25,55,1166004,12.507,na,na,na,na,5.5269,na,na,0.855
47.54167,-122.64034,Kitsap St Boat Launch,25,56,5858996,35.436,na,na,na,na,3.9685,na,na,0.87
47.61889,-122.5275,Eagle Harbor Dr,31,57,2870476,27.272,na,na,na,na,3.5984,na,na,0.815
47.61889,-122.5275,Eagle Harbor Dr,31,58,939029,2.07,na,na,na,na,3.9556,na,na,0.91
47.61889,-122.5275,Eagle Harbor Dr,31,59,2018358,12.545,na,na,na,na,4.9789,na,na,1.02
47.61889,-122.5275,Eagle Harbor Dr,31,60,1556940,58.783,na,na,na,na,3.8124,na,na,0.825
48.482448,-122.583879,"Fidalgo Bay Aq Reserve, Weaverling Spit",63,61,0,5.992,na,na,na,na,3.5541,na,na,0.73
48.482448,-122.583879,"Fidalgo Bay Aq Reserve, Weaverling Spit",63,62,1669995,22.316,na,na,na,na,3.6999,na,nd,0.755
48.482448,-122.583879,"Fidalgo Bay Aq Reserve, Weaverling Spit",63,63,4332608,26.721,na,na,na,na,4.0884,na,nd,0.74
48.482448,-122.583879,"Fidalgo Bay Aq Reserve, Weaverling Spit",63,64,4034245,17.031,na,na,na,na,4.3806,na,nd,0.825
47.11795,-122.83359,Meyer's Point - Henderson Inlet,71,65,3404367,17.331,na,na,na,na,4.6563,na,na,0.8
47.11795,-122.83359,Meyer's Point - Henderson Inlet,71,66,2281563,8.189,na,na,na,na,4.9163,na,na,0.965
47.11795,-122.83359,Meyer's Point - Henderson Inlet,71,67,1153344,6.983,na,na,na,na,3.4517,na,na,0.535
47.11795,-122.83359,Meyer's Point - Henderson Inlet,71,68,3237832,63.547,na,na,na,na,3.9285,na,na,0.855
47.61862,-122.36108,Elliot Bay Myrtle Edwards,19,69,1975307,39.159,16.0277,56.16,26.05,22.33,5.2154,10.81,0.1925,0.89
47.61862,-122.36108,Elliot Bay Myrtle Edwards,19,70,2362670,41.449,12.0242,54.47,25.88,17.49,3.4688,8.56,0.1572,0.74
47.61862,-122.36108,Elliot Bay Myrtle Edwards,19,71,3125326,28.087,11.8422,52.45,24.34,18.52,3.803,8.04,0.1533,0.615
47.61862,-122.36108,Elliot Bay Myrtle Edwards,19,72,2002597,20.437,17.1373,60.09,25.49,20.96,5.1041,12.03,0.2002,0.935
47.61862,-122.36108,Elliot Bay Myrtle Edwards,19,73,2881838,44.994,20.2139,59.96,27.64,23.97,5.9438,14.27,0.238,0.94
47.386977,-122.6367089,"Purdy, Burley Lagoon",47,74,3562058,13.938,22.6094,64.64,29.68,24.32,7.5348,15.07,0.2331,1.195
47.386977,-122.6367089,"Purdy, Burley Lagoon",47,75,4066301,15.797,9.7035,53.9,21.64,18.69,2.9102,6.79,0.126,0.705
47.386977,-122.6367089,"Purdy, Burley Lagoon",47,76,1243643,9.53,15.6093,59.82,30.47,19.15,4.5137,11.1,0.1856,0.83
47.386977,-122.6367089,"Purdy, Burley Lagoon",47,77,6878714,5.591,18.2985,59.38,27.08,21.75,5.5873,12.71,0.214,0.93
47.607,-122.342,"Seattle Aquarium, Pier 59",17,78,2711200,84.419,11.1504,53.87,23.98,17.44,3.3161,7.83,0.1453,0.755
47.607,-122.342,"Seattle Aquarium, Pier 59",17,79,2381238,9.393,15.6407,59.95,26.9,18.86,4.7261,10.91,0.182,0.905
47.607,-122.342,"Seattle Aquarium, Pier 59",17,80,4956424,1.736,16.2311,61.17,26.63,18.82,5.0107,11.22,0.1834,0.905
47.607,-122.342,"Seattle Aquarium, Pier 59",17,81,2492074,0,16.1972,60.33,25.93,19.67,4.4651,11.73,0.1944,0.805
48.024789,-122.998135,Jamestown,2,82,2974772,27.353,13.0567,55.75,25.17,18.3,3.6144,9.44,0.1693,0.58
48.024789,-122.998135,Jamestown,2,83,5366142,39.581,14.9971,55.1,27.87,19.07,4.6594,10.34,0.1877,0.615
48.024789,-122.998135,Jamestown,2,84,2235746,25.844,11.0054,51.96,24.21,18.5,3.3668,7.64,0.147,0.545
48.024789,-122.998135,Jamestown,2,85,3343459,20.453,13.568,54.99,27.36,19.06,3.8378,9.73,0.1769,0.45
48.024789,-122.998135,Jamestown,2,86,2786163,15.582,13.3637,60.6,25.38,22.06,4.5048,8.86,0.1462,0.61
48.024789,-122.998135,Jamestown,2,87,2874808,18.111,17.6865,60.13,27.02,20.92,4.6876,13,0.2162,0.64
48.02218,-122.728709,Oak Bay County Park,10,88,2226326,12.533,15.0373,54.11,24.54,20.35,4.9269,10.11,0.1868,0.81
48.02218,-122.728709,Oak Bay County Park,10,89,3074754,11.485,17.7286,61.17,27.68,19.29,5.2285,12.5,0.2043,0.8
48.02218,-122.728709,Oak Bay County Park,10,90,2424855,51.729,13.0413,53.806,25.38,18.99,3.6398,9.4,0.1747,0.75
48.02218,-122.728709,Oak Bay County Park,10,91,1614645,3.484,11.1598,54.16,25.33,19.18,4.0147,7.15,0.132,0.735
47.63237,-122.37869,"Smith Cove, Terminal 91",15,92,2166819,15.212,18.8636,59.5,27.07,20.68,5.191,13.67,0.2297,0.81
47.63237,-122.37869,"Smith Cove, Terminal 91",15,93,7732418,17.148,12.4626,48.58,27.11,19.21,3.8618,8.6,0.177,0.845
47.63237,-122.37869,"Smith Cove, Terminal 91",15,94,1617973,10.002,11.2869,53.33,23.5,18.35,3.3187,7.97,0.1494,0.605
47.63237,-122.37869,"Smith Cove, Terminal 91",15,95,4318486,36.283,13.8179,54.59,26.28,19.78,4.3855,9.43,0.1727,0.7
47.68234,-122.5064,Brackenwood Ln,23,96,1269238,0,15.8383,60.24,26.11,19.7,4.3925,11.45,0.1901,0.555
47.68234,-122.5064,Brackenwood Ln,23,97,2212557,15.989,15.8919,58.67,27.49,19.06,5.7358,10.16,0.1732,0.625
47.68234,-122.5064,Brackenwood Ln,23,98,1783953,23.205,19.4573,62.93,29.59,20.53,6.3745,13.08,0.2078,0.75
47.68234,-122.5064,Brackenwood Ln,23,99,2162299,0.144,17.4894,61.43,27.83,22.01,4.5901,12.9,0.21,0.755
48.04906,-122.7724,Chimacum Creek delta,8,100,2951937,3.757,17.7318,60.98,25.96,21.22,5.4497,12.28,0.2014,0.825
48.04906,-122.7724,Chimacum Creek delta,8,101,1783000,2.837,11.0963,52.86,24.82,17.8,4.4052,6.69,0.1266,0.75
48.04906,-122.7724,Chimacum Creek delta,8,102,2742180,0,14.0518,55.95,24.15,20.32,4.8619,9.19,0.1643,0.995
48.04906,-122.7724,Chimacum Creek delta,8,103,3089178,2.177,16.1098,55.17,24.85,23.36,6.5881,9.52,0.1726,1.045
47.5706,-122.9717,Hood Canal Holly,29,104,0,0,15.2257,59.59,26.28,20.52,4.9982,10.23,0.1717,0.725
47.5706,-122.9717,Hood Canal Holly,29,105,0,9.83,14.7544,56.15,25.53,20.86,4.5332,10.22,0.182,0.69
47.5706,-122.9717,Hood Canal Holly,29,106,291641,0,17.157,58.76,26.68,22.35,5.0567,12.1,0.2059,0.755
47.5706,-122.9717,Hood Canal Holly,29,107,1693665,0,16.6466,60.8,27.27,21.28,4.7552,11.89,0.1956,0.575
47.5706,-122.9717,Hood Canal Holly,29,108,0,0,16.3448,58.36,27.32,19.36,5.4465,10.9,0.1868,0.63
47.5706,-122.9717,Hood Canal Holly,29,109,380110,0,17.4724,60.34,27.46,19.99,5.4547,12.02,0.1992,0.685
47.3062,-122.5145,Point Defiance Ferry,43,110,2209441,4.647,14.6239,59.56,27.63,17.96,4.1242,10.5,0.1763,0.79
47.3062,-122.5145,Point Defiance Ferry,43,111,1743980,24.677,14.0849,56.35,24.55,19.85,3.8854,10.2,0.181,0.79
47.3062,-122.5145,Point Defiance Ferry,43,112,2845932,3.17,12.5979,54.89,23.83,17.61,3.7819,8.82,0.1607,0.87
47.3062,-122.5145,Point Defiance Ferry,43,113,1928074,11.043,14.6816,56.32,26.16,19.62,4.1811,10.5,0.1864,0.905
47.292549,-122.412175,"Comm Bay, Dick Gilmur Launch",48,114,0,118.683,13.8722,59.74,25.48,18.67,3.4896,10.38,0.1738,0.635
47.292549,-122.412175,"Comm Bay, Dick Gilmur Launch",48,115,4982158,22.927,17.8843,61.58,27.21,21.49,5.3065,12.58,0.2043,0.93
47.292549,-122.412175,"Comm Bay, Dick Gilmur Launch",48,116,4040973,14.762,13.1118,56.19,26.09,19.63,4.301,8.81,0.1568,0.87
47.292549,-122.412175,"Comm Bay, Dick Gilmur Launch",48,117,2353073,8.819,18.2975,61.41,27.4,21.52,5.2982,13,0.2117,0.895
47.259189,-122.434689,Thea Foss Waterway,46,118,1010594,17.182,13.6374,58.63,28.6,16.85,4.2239,9.41,0.1605,0.87
47.259189,-122.434689,Thea Foss Waterway,46,119,1453659,13.402,14.5754,57.26,24.62,19.86,4.4247,10.15,0.1773,0.89
47.259189,-122.434689,Thea Foss Waterway,46,120,2434731,13.817,13.1584,55.99,24.13,18.48,4.2112,8.95,0.1598,0.925
47.259189,-122.434689,Thea Foss Waterway,46,121,0,48.798,16.6034,57.47,26.45,21.89,5.2085,11.39,0.1982,0.95
47.259189,-122.434689,Thea Foss Waterway,46,122,8793166,0.255,7.9967,60.02,27.49,22.34,5.4188,2.58,0.043,0.85
47.29464,-122.53053,Salmon Beach,40,123,916811,0,16.972,56.34,30.2,21.25,5.3641,11.61,0.2061,0.935
47.29464,-122.53053,Salmon Beach,40,124,2352491,12.933,10.6403,50.89,22.22,18.5,3.4388,7.2,0.1415,0.685
47.29464,-122.53053,Salmon Beach,40,125,2963755,8.918,11.0115,51.9,23.67,18.02,3.4542,7.56,0.1457,0.8
47.29464,-122.53053,Salmon Beach,40,126,1383018,51.47,12.8244,59.3,22.35,19.98,3.9896,8.83,0.1489,1.035
47.1905742,-122.5834897,Chambers Bay Park,56,127,4935346,15.598,13.9772,56.01,24.49,19.35,4.9226,9.05,0.1616,0.885
47.1905742,-122.5834897,Chambers Bay Park,56,128,3856796,14.492,9.3078,51.48,23.58,17.17,3.7257,5.58,0.1084,1
47.1905742,-122.5834897,Chambers Bay Park,56,129,4797197,8.659,14.0031,59.61,25.39,17.98,5.1254,8.88,0.149,1.08
47.1905742,-122.5834897,Chambers Bay Park,56,130,4420012,0,16.4765,58.77,27.32,21.55,5.7226,10.75,0.1829,1.26
47.33785,-122.58277,Gig Harbor Boat Launch,58,131,5823222,5.435,14.0161,54.58,25.56,21.34,4.8796,9.14,0.1675,0.89
47.33785,-122.58277,Gig Harbor Boat Launch,58,132,2932222,9.944,11.7041,53.71,25.97,18.25,4.1135,7.59,0.1413,0.845
47.33785,-122.58277,Gig Harbor Boat Launch,58,133,5726357,14.656,12.8422,53.86,26.87,17.51,5.3915,7.45,0.1383,1.025
47.33785,-122.58277,Gig Harbor Boat Launch,58,134,1906238,0,14.9748,55.15,26.35,20.68,5.604,9.37,0.1699,1.1
48.0617,-122.2939,Tulalip Bay,67,135,5545198,20.048,13.6626,57.05,25.16,19,3.783,9.88,0.1732,0.875
48.0617,-122.2939,Tulalip Bay,67,136,3670556,0.135,12.7114,55.93,25.61,18.64,3.7794,8.93,0.1597,0.945
48.0617,-122.2939,Tulalip Bay,67,137,7831524,9.075,15.722,58.73,26.08,20.78,4.2933,11.43,0.1946,0.855
48.0617,-122.2939,Tulalip Bay,67,138,5606185,0.787,16.2236,57.09,27.59,21.11,4.5926,11.63,0.2037,0.835
48.0617,-122.2939,Tulalip Bay,67,139,4974611,6.443,8.6164,52.35,22.25,17.06,2.7854,5.83,0.1114,0.735
48.0617,-122.2939,Tulalip Bay,67,140,5640873,1.035,17.5084,57.93,26.74,23.36,5.091,12.42,0.2144,1
47.2632444,-122.385731,Blair Waterway #2,42,141,3885225,26.424,9.8288,50.13,22.49,17.76,3.3486,6.48,0.1293,0.745
47.2632444,-122.385731,Blair Waterway #2,42,142,2469960,12.854,12.8984,51.51,24.26,20.19,4.96,7.94,0.1541,0.97
47.2632444,-122.385731,Blair Waterway #2,42,143,3506452,2.637,13.3159,55.25,25.53,18.76,4.4603,8.86,0.1604,0.9
47.2632444,-122.385731,Blair Waterway #2,42,144,4998033,1.269,11.9719,55.21,22.75,20.03,4.1915,7.78,0.1409,0.815
47.38566,-122.627255,Purdy - Dexters,57,145,6119860,0,14.0672,58.56,26.46,18.76,4.5409,9.53,0.1627,0.805
47.38566,-122.627255,Purdy - Dexters,57,146,5329851,0,11.4684,53.29,23.38,19.4,3.8505,7.62,0.143,0.88
47.38566,-122.627255,Purdy - Dexters,57,147,4051273,0,14.9505,60.38,23.89,19.65,4.825,10.13,0.1678,0.96
47.38566,-122.627255,Purdy - Dexters,57,148,3471329,7.036,17.36,61.03,29.32,19.31,5.2376,12.12,0.1986,0.73
47.27568,-122.4173,Blair Waterway,41,149,4422422,0.672,15.9109,59.5,25.3,21.23,4.4858,11.43,0.1921,0.89
47.27568,-122.4173,Blair Waterway,41,150,5411649,6.432,13.2485,55.87,24.7,20.41,3.5748,9.67,0.1731,0.68
47.27568,-122.4173,Blair Waterway,41,151,6052641,9.59,16.1899,56.61,26.94,21.6,5.4163,10.77,0.1902,1.075
47.27568,-122.4173,Blair Waterway,41,152,3631858,9.377,15.5657,55.46,31.63,19.32,4.1077,11.46,0.2066,0.71
47.57995505,-122.6786,Madrona Pont,28,153,6373497,8.315,15.1226,59.24,24.46,20.5,5.0448,10.08,0.1702,0.71
47.57995505,-122.6786,Madrona Pont,28,154,6651025,2.069,10.3545,53.26,22.8,18.3,3.704,6.65,0.1249,0.785
47.57995505,-122.6786,Madrona Pont,28,155,3417364,2.369,10.4821,53.95,23.67,16.94,3.5392,6.94,0.1286,0.72
47.57995505,-122.6786,Madrona Pont,28,156,6776918,2.733,19.3627,65.4,27.68,22.34,6.3652,13,0.1988,1.005
47.2694,-122.4243,"Comm Bay, Milwaukee Waterway",49,157,4517486,5.02,16.3493,59.4,26.4,19.39,5.0622,11.29,0.1901,0.82
47.2694,-122.4243,"Comm Bay, Milwaukee Waterway",49,158,15260103,16.268,13.4352,55.09,25.49,18.91,4.254,9.18,0.1666,0.955
47.2694,-122.4243,"Comm Bay, Milwaukee Waterway",49,159,3705987,5.768,11.9488,52.65,23.78,17.4,3.8426,8.11,0.154,0.75
47.2694,-122.4243,"Comm Bay, Milwaukee Waterway",49,160,8193639,4.93,11.7051,53.44,24.95,17.52,3.5722,8.13,0.1521,0.75
47.2694,-122.4243,"Comm Bay, Milwaukee Waterway",49,161,6366494,-0.636,12.0381,53.44,23.25,17.47,4.5524,7.49,0.1402,0.83
48.064957,-122.857524,Discovery Bay,12,162,5437003,17.512,14.3437,59.29,25.24,19.01,4.6639,9.68,0.1633,0.745
48.064957,-122.857524,Discovery Bay,12,163,5775686,1.485,15.1766,55.56,29.62,18.94,4.7712,10.41,0.1874,0.805
48.064957,-122.857524,Discovery Bay,12,164,1513923,15.957,17.3204,55.47,28.06,23.17,5.4867,11.83,0.2133,0.75
48.064957,-122.857524,Discovery Bay,12,165,3392978,0,18.0072,59.27,28.11,21.02,5.5914,12.42,0.2095,0.875
47.794695,-122.499858,Kingston Marina,36,166,2529572,4.546,16.8684,59.01,24.73,22.49,5.5323,11.34,0.1922,0.815
47.794695,-122.499858,Kingston Marina,36,167,5982158,7.722,15.6753,61.09,27.81,18.51,5.3841,10.29,0.1684,0.845
47.794695,-122.499858,Kingston Marina,36,168,4667834,3.94,16.2326,58.22,26.52,23.54,6.2651,9.97,0.1712,0.875
47.794695,-122.499858,Kingston Marina,36,169,7944848,0.048,12.041,55.81,23.4,18.38,4.768,7.27,0.1303,0.71
47.578117,-122.524833,Rich Passage,32,170,1476511,3.506,15.6564,59.07,27.71,19.45,4.4256,11.23,0.1901,0.9
47.578117,-122.524833,Rich Passage,32,171,4087247,2.631,11.3603,52.98,23.01,18.6,3.4726,7.89,0.1489,0.83
47.578117,-122.524833,Rich Passage,32,172,3101248,0.844,13.3136,54.84,25.64,20.38,3.6932,9.62,0.1754,0.745
47.578117,-122.524833,Rich Passage,32,173,4147207,1.999,11.5006,55.07,24.37,17.53,3.2727,8.23,0.1494,0.765
47.19483,-122.748665,Filucy Bay,59,174,6630611,0,9.8546,55.74,24.77,15.97,3.9552,5.9,0.1058,0.795
47.19483,-122.748665,Filucy Bay,59,175,6728961,2.006,15.7674,58.97,20.21,20.31,4.8317,10.94,0.1855,0.815
47.19483,-122.748665,Filucy Bay,59,176,3656052,19.012,18.9508,63.23,22.09,21.69,6.2756,12.68,0.2005,1.055
47.19483,-122.748665,Filucy Bay,59,177,8044535,0.232,12.5502,56.02,23.73,18.27,4.4133,8.14,0.1453,0.76
47.3539722,-122.69175,Minter Bay,55,178,4961205,3.468,16.0509,57.95,20.3,20.29,5.9149,10.14,0.175,0.95
47.3539722,-122.69175,Minter Bay,55,179,6536182,2.525,14.235,57.35,28.27,19.4,5.0862,9.15,0.1595,1.095
47.3539722,-122.69175,Minter Bay,55,180,6263391,0,18.8134,63.79,26.26,22.58,6.3374,12.48,0.1956,0.825
47.3539722,-122.69175,Minter Bay,55,181,7066217,1.97,13.8212,55.18,19.72,19.51,4.6307,9.19,0.1665,0.8
47.052362,-122.910912,West Bay Park,73,182,7223931,2.621,13.8965,54.67,25.27,20.84,4.5572,9.34,0.1708,0.78
47.052362,-122.910912,West Bay Park,73,183,4047412,3.572,17.4702,57.21,28.8,22.8,4.9008,12.57,0.2197,0.66
47.052362,-122.910912,West Bay Park,73,184,7647788,5.789,16.9597,58.76,26.24,21.88,5.1493,11.81,0.201,0.845
47.052362,-122.910912,West Bay Park,73,185,4006818,0,11.9314,56.79,24.55,18.22,4.0596,7.87,0.1386,0.805
47.074603,-123.003527,Eld Inlet,72,186,5090553,10.464,14.6224,54.54,28.09,20.81,3.9024,10.72,0.1966,0.63
47.074603,-123.003527,Eld Inlet,72,187,1226696,35.599,12.5691,51.98,26.68,17.89,3.9334,8.64,0.1662,0.62
47.074603,-123.003527,Eld Inlet,72,188,6522867,14.268,20.949,61.76,30.82,23.43,5.8743,15.07,0.244,0.835
47.074603,-123.003527,Eld Inlet,72,189,5739407,22.833,20.7405,63.84,29.93,23.89,5.7561,14.98,0.2346,0.745
48.0697859,-122.2997764,Tulalip Reservation,70,190,4215635,1.126,14.5461,56.37,27.92,20.28,4.7537,9.79,0.1737,0.845
48.0697859,-122.2997764,Tulalip Reservation,70,191,3759846,1.593,16.6748,61.83,26.18,20.91,5.1061,11.57,0.1871,0.82
48.0697859,-122.2997764,Tulalip Reservation,70,192,4597377,0,12.4718,57.07,25.37,18.96,3.8557,8.62,0.151,0.83
48.0697859,-122.2997764,Tulalip Reservation,70,193,2521368,10.007,13.5347,58.97,26.45,18.12,4.0733,9.46,0.1604,0.64
47.30515,-122.44441,Browns Point Lighthouse,54,194,2165448,0,16.1055,59.19,25.93,19.63,5.4875,10.62,0.1794,0.84
47.30515,-122.44441,Browns Point Lighthouse,54,195,9793068,1.51,13.2927,54.25,24.56,19.23,3.715,9.58,0.1766,0.8
47.30515,-122.44441,Browns Point Lighthouse,54,196,7655768,2.472,16.4479,57.74,27.12,20.91,4.7359,11.71,0.2028,0.82
47.30515,-122.44441,Browns Point Lighthouse,54,197,9992165,1.531,17.3342,60.09,27.76,19.32,5.1713,12.16,0.2024,0.935
47.17650485,-122.9046464,Squaxin Island,38,198,6350828,0,14.9453,55.65,25.47,20.93,4.7921,10.15,0.1824,0.85
47.17650485,-122.9046464,Squaxin Island,38,199,9006878,16.642,14.6639,56.2,25.49,18.55,4.9384,9.73,0.1731,0.955
47.17650485,-122.9046464,Squaxin Island,38,200,6605220,0,16.2984,59.63,27.71,21.61,5.4473,10.85,0.182,0.925
47.17650485,-122.9046464,Squaxin Island,38,201,3512019,6.788,11.9811,54.05,22.13,18.98,3.3612,8.62,0.1595,0.695
47.30008,-122.74566,Maple Hollow Park,51,202,5079449,0,17.2718,62.6,25.95,19.69,4.9079,12.36,0.1974,0.8
47.30008,-122.74566,Maple Hollow Park,51,203,4528128,3.694,10.9043,52.34,24.4,17.36,3.2889,7.62,0.1456,0.665
47.30008,-122.74566,Maple Hollow Park,51,204,1311133,0,15.9279,58.34,26.6,20.33,4.6187,11.31,0.1939,0.735
47.30008,-122.74566,Maple Hollow Park,51,205,0,14.787,16.4467,59.08,26.68,20.34,4.6576,11.79,0.1996,0.9
47.9726,-122.22977,Everett Harbor,66,206,5318907,0,13.4805,54.02,24.63,19.3,4.3566,9.12,0.1688,0.885
47.9726,-122.22977,Everett Harbor,66,207,6420811,0,11.2969,53.39,23.39,17.76,4.2838,7.01,0.1313,0.865
47.9726,-122.22977,Everett Harbor,66,208,6149521,1.496,12.0613,55.04,23.55,17.61,3.9915,8.07,0.1466,0.675
47.9726,-122.22977,Everett Harbor,66,209,3196587,0,11.1796,54.89,24.01,16.35,3.7395,7.44,0.1355,0.68
48.52108,-122.61531,N Avenue Park,62,210,3680347,0.016,16.713,58.83,24.46,22.97,4.895,11.82,0.2009,0.9
48.52108,-122.61531,N Avenue Park,62,211,4764132,0.064,12.0054,53.68,26.07,18.14,3.6597,8.35,0.1556,0.79
48.52108,-122.61531,N Avenue Park,62,212,4827148,5.692,13.9279,53.44,20.27,20.5,4.5269,9.4,0.1759,0.89
48.52108,-122.61531,N Avenue Park,62,213,3461581,0,16.9313,60.18,25.72,21.41,5.126,11.81,0.1962,0.71
48.520971,-122.600717,Cap Sante,64,214,1293754,14.371,11.2831,57.43,25.92,18.45,4.1148,7.17,0.1248,0.955
48.520971,-122.600717,Cap Sante,64,215,4083185,4.895,11.3933,53.57,24.6,17.72,3.1508,8.24,0.1538,0.725
48.520971,-122.600717,Cap Sante,64,216,3480344,133.268,11.3933,53.57,24.6,17.72,3.1508,8.24,0.1538,0.6
48.520971,-122.600717,Cap Sante,64,217,6057021,11.947,10.5416,52.36,22.32,16.69,3.586,6.96,0.1329,0.88
47.32598,-122.66724,Raft Island Park,53,218,6420643,0,13.7631,57.42,25.21,19.19,3.3912,10.37,0.1806,0.58
47.32598,-122.66724,Raft Island Park,53,219,6767449,2.855,10.5999,52.94,24.36,16.78,3.4075,7.19,0.1358,0.595
47.32598,-122.66724,Raft Island Park,53,220,3322946,11.029,14.2128,58.28,25.86,20.23,3.8237,10.39,0.1783,0.805
47.32598,-122.66724,Raft Island Park,53,221,1581168,1.226,15.0722,58.52,26.34,19.14,4.0037,11.07,0.1892,0.635
48.5069444,-123.0194444,Friday Harbor,61,222,2728430,0,14.5021,60.9,24.29,19.98,4.5973,9.9,0.1626,0.895
48.5069444,-123.0194444,Friday Harbor,61,223,2977245,12.311,11.6584,54.03,23.87,18.82,3.5165,8.14,0.1507,0.625
48.5069444,-123.0194444,Friday Harbor,61,224,3660262,2.297,9.0205,55.34,24.11,17.31,3.9931,5.03,0.0909,0.735
48.5069444,-123.0194444,Friday Harbor,61,225,6464229,0,14.4405,57.93,24.75,19.56,4.0096,10.43,0.18,0.845
48.5069444,-123.0194444,Friday Harbor,61,226,3941050,18.935,10.9472,53.84,22.43,17.2,3.2471,7.7,0.143,0.65
47.81407,-122.3825,Edmonds Ferry,69,227,6928220,0.818,13.7023,54.82,24.53,18.88,4.1756,9.53,0.1738,0.885
47.81407,-122.3825,Edmonds Ferry,69,228,2077255,0,13.1934,57.37,22.89,19.44,3.699,9.49,0.1654,0.665
47.81407,-122.3825,Edmonds Ferry,69,229,5845804,0,17.7662,59.17,25.11,20.6,5.257,12.51,0.2114,0.82
47.81407,-122.3825,Edmonds Ferry,69,230,3992468,0,13.248,53.43,23.41,19.35,4.0678,9.18,0.1718,0.39
47.4436,-122.360316,Miller Creek,20,231,5994423,0,18.0963,61.73,26.72,20.26,6.1504,11.95,0.1936,0.96
47.4436,-122.360316,Miller Creek,20,232,4130787,1.041,15.764,56.11,27.53,20.84,4.6284,11.14,0.1985,0.745
47.4436,-122.360316,Miller Creek,20,233,5542261,7.704,16.5219,60.24,27.17,22.22,4.9909,11.53,0.1914,0.895
47.4436,-122.360316,Miller Creek,20,234,7321595,7.314,13.4365,55.5,24.19,20.64,3.7933,9.64,0.1737,0.685
48.77636877,-122.5378679,Locust Beach,76,235,1911632,10.204,9.2545,55.41,24.21,17.03,2.4837,6.77,0.1222,0.665
48.77636877,-122.5378679,Locust Beach,76,236,2139153,7.076,13.8129,60.76,26.69,19.52,3.3086,10.5,0.1728,0.6
48.77636877,-122.5378679,Locust Beach,76,237,3303872,2.108,15.9516,62.18,28.13,19.55,4.6941,11.26,0.1811,0.745
48.77636877,-122.5378679,Locust Beach,76,238,2252655,2.218,17.1125,61.46,27.47,21.09,4.6849,12.43,0.2022,0.74
48.6793778,-122.6300583,Aiston Preserve,77,239,5965780,0,11.6884,53.9,22.73,18.59,3.2826,8.41,0.156,0.7
48.6793778,-122.6300583,Aiston Preserve,77,240,1508156,4.877,10.833,53.49,23.92,18.36,3.4809,7.35,0.1374,0.79
48.6793778,-122.6300583,Aiston Preserve,77,241,4674882,8.871,14.7041,55.99,27.79,19.57,4.7251,9.98,0.1782,0.825
48.6793778,-122.6300583,Aiston Preserve,77,242,2861653,0.01,14.6121,58.55,28.38,19.55,4.4461,10.17,0.1737,0.93
48.12823,-123.45715,Port Angeles Yacht Club,1,243,5418454,14.895,52.92,22.63,16.92,3.5185,10.761,42.16,1.863,0.545
48.12823,-123.45715,Port Angeles Yacht Club,1,244,6806288,3.323,53.63,25.33,25.3,3.2437,12.9782,40.65,1.6048,0.64
48.12823,-123.45715,Port Angeles Yacht Club,1,245,4525700,24.332,56.44,25.46,22.06,5.7298,16.1426,40.3,1.5829,0.89
48.12823,-123.45715,Port Angeles Yacht Club,1,246,2848746,0,49.57,23.25,19.4,4.1478,11.9218,37.65,1.6194,0.92
48.12823,-123.45715,Port Angeles Yacht Club,1,247,12345151,0,61.03,26.56,22.9,6.2963,20.6254,40.4,1.5211,0.99
48.12823,-123.45715,Port Angeles Yacht Club,1,248,2563791,1.758,58.99,27.56,21.03,4.7308,16.7285,42.26,1.5334,0.82
47.30973,-122.68868,Kopachuck State Park,52,249,8355096,4.823,56.77,25.83,19.91,5.0764,15.956,40.81,1.5799,0.86
47.30973,-122.68868,Kopachuck State Park,52,250,9888442,4.096,13.2798,54.74,24,19.33,4.4177,8.86,0.1619,0.77
47.30973,-122.68868,Kopachuck State Park,52,251,2558683,9.21,11.0863,54.71,24.03,17.15,3.3903,7.7,0.1407,0.69
47.66586,-122.56698,Williams Olson Park,26,252,5178253,0,15.695,60.77,26.83,19.31,4.2946,11.4,0.1876,0.575
47.30973,-122.68868,Kopachuck State Park,52,253,8338308,0.775,20.3054,62.51,42.76,37.08,6.5415,13.76,0.2201,0.79
47.66586,-122.56698,Williams Olson Park,26,254,1705387,3.468,15.4216,57.8,26.13,21.34,4.4321,10.99,0.1901,0.615
47.66586,-122.56698,Williams Olson Park,26,255,1267023,5.287,11.5391,54.26,24.95,17.55,4.0125,7.53,0.1388,0.785
47.66586,-122.56698,Williams Olson Park,26,256,3732773,17.073,10.1745,51.08,23.38,16.58,3.4693,6.71,0.1314,0.71
47.66142,-122.49884,Skiff Point,24,257,12721347,1.895,16.1548,60.75,27.57,22.02,4.3649,11.79,0.1941,0.49
47.66142,-122.49884,Skiff Point,24,258,2967756,3.933,15.7161,59.33,27.4,20.72,4.5813,11.13,0.1876,0.62
47.66142,-122.49884,Skiff Point,24,259,5002813,1.755,13.4844,55.7,24.87,20.23,3.8301,9.65,0.1732,0.59
47.66142,-122.49884,Skiff Point,24,260,1964479,9.362,11.933,54.32,22.81,18.62,3.8783,8.05,0.1482,0.535
47.55622,-122.54281,"Manchester, Stormwater Outfall",33,261,12583522,2.13,17.4836,58.34,29.54,21.15,4.5227,12.96,0.2221,0.61
47.55622,-122.54281,"Manchester, Stormwater Outfall",33,262,4548390,3.682,15.6337,58.44,27.29,22.7,4.0077,11.63,0.199,0.57
47.55622,-122.54281,"Manchester, Stormwater Outfall",33,263,4658604,4.915,13.2674,53.8,25.76,20.76,3.3311,9.94,0.1848,0.6
47.55622,-122.54281,"Manchester, Stormwater Outfall",33,264,2700803,0,15.3808,55.9,26.43,20.79,4.789,10.59,0.1894,0.645
47.33775,-122.59014,Donkey Creek Delta,44,265,4311572,0.189,15.3518,59.88,27.12,18.71,4.1792,11.17,0.1865,0.755
47.33775,-122.59014,Donkey Creek Delta,44,266,2345153,0,14.2561,59.63,28.69,18.32,4.194,10.06,0.1687,0.635
47.33775,-122.59014,Donkey Creek Delta,44,267,2003071,6.206,14.3353,57.29,27.75,20.12,3.9366,10.4,0.1815,0.695
47.33775,-122.59014,Donkey Creek Delta,44,268,4080904,3.605,15.7508,58.67,24.66,20.37,4.9199,10.83,0.1846,0.85
47.78184,-122.83474,Broad Spit (Fisherman's Point),30,269,1266317,0.897,9.7024,57.72,23.12,16.22,2.7458,6.96,0.1206,0.645
47.78184,-122.83474,Broad Spit (Fisherman's Point),30,270,1780096,10.875,14.6682,58.66,25.72,20.69,4.4927,10.18,0.1735,0.56
47.78184,-122.83474,Broad Spit (Fisherman's Point),30,271,4813963,7.416,15.9065,57.54,25.12,20.21,4.7436,11.16,0.194,0.79
47.78184,-122.83474,Broad Spit (Fisherman's Point),30,272,1386547,9.277,16.227,57.23,29.54,20.59,4.4161,11.81,0.2064,0.66
47.346537,-122.82236,Reach Island,39,273,7178794,7.636,11.3152,51.47,25.12,18.69,4.0353,7.28,0.1414,0.655
47.346537,-122.82236,Reach Island,39,274,7550982,0.367,19.0658,61.54,28.17,22.95,5.711,13.35,0.2169,0.85
47.346537,-122.82236,Reach Island,39,275,1945061,0.028,13.0002,53.4,23.74,20.07,4.2941,8.71,0.1631,0.765
47.346537,-122.82236,Reach Island,39,276,6947155,10.304,13.1519,56.07,24.94,19.65,4.562,8.59,0.1532,0.81
47.44896,-122.372267,Three Tree Point,22,277,8434870,0,14.3455,56.66,25.69,21.35,3.6988,10.65,0.188,0.73
47.44896,-122.372267,Three Tree Point,22,278,9703015,8.998,18.6993,61.52,27.04,22.6,5.1872,13.51,0.2196,0.765
47.44896,-122.372267,Three Tree Point,22,279,4665257,19.803,17.1396,58.67,27.77,21.93,4.8527,12.29,0.2095,0.955
47.44896,-122.372267,Three Tree Point,22,280,6864899,3.697,17.3878,58.17,29.72,20.99,4.7906,12.6,0.2166,0.8
47.50161,-122.38593,Arroyo Beach,13,281,3448794,7.084,15.4756,58.14,26.11,20.16,4.6221,10.85,0.1866,0.92
47.50161,-122.38593,Arroyo Beach,13,282,6485447,0.635,17.9501,60.43,27.56,22.3,6.1066,11.84,0.1959,0.965
47.50161,-122.38593,Arroyo Beach,13,283,3563340,11.884,16.8741,56.18,28.43,22.12,5.9929,10.88,0.1937,0.86
47.50161,-122.38593,Arroyo Beach,13,284,1813227,18.105,17.6815,59.16,27.66,21.17,5.752,11.93,0.2017,0.955
47.50161,-122.38593,Arroyo Beach,13,285,1987132,15.285,10.974,57.94,24.68,18.62,4.3948,6.58,0.1136,0.875
47.50161,-122.38593,Arroyo Beach,13,286,9587219,0,12.6608,55.53,25.77,18.3,3.6163,9.04,0.1628,0.645
47.6663,-122.4018,"Salmon Bay, Commodore Park",16,287,5854695,0,16.3677,59.33,28.83,21.35,4.2008,12.17,0.2051,0.67
47.6663,-122.4018,"Salmon Bay, Commodore Park",16,288,2506610,4.592,14.9594,55.44,26.94,20.59,4.4101,10.55,0.1903,0.795
47.6663,-122.4018,"Salmon Bay, Commodore Park",16,289,2016415,1.33,15.8632,58.86,27.03,19.53,4.9234,10.94,0.1859,0.725
47.6663,-122.4018,"Salmon Bay, Commodore Park",16,290,4648754,0,14.8779,58.4,26.07,20.66,3.9418,10.94,0.1873,0.64
47.671678,-122.406663,Shilshole Bay,18,291,4026125,0.854,10.9555,54.43,22.79,17.91,2.7429,8.21,0.1508,0.56
47.671678,-122.406663,Shilshole Bay,18,292,2842961,1.541,9.4818,50.46,23.11,17.64,3.022,6.46,0.128,0.575
47.671678,-122.406663,Shilshole Bay,18,293,2013492,12.831,11.3754,53.74,25.66,20.73,3.1061,8.27,0.1539,0.515
47.671678,-122.406663,Shilshole Bay,18,294,2568717,24.401,12.4903,54.71,27.79,19.5,3.0424,9.45,0.1727,0.575
47.60255,-122.66992,Rocky Point,27,295,4297558,15.435,12.7124,51.6,25.56,20.22,3.7522,8.96,0.1736,0.695
47.60255,-122.66992,Rocky Point,27,296,1980727,7.396,12.2717,51.99,24.36,20.41,3.5438,8.73,0.1679,0.595
47.60255,-122.66992,Rocky Point,27,297,8616041,14.146,15.3671,56.77,26.62,22.01,4.525,10.84,0.1909,0.745
47.60255,-122.66992,Rocky Point,27,298,3139278,2.605,13.4055,54.64,26.28,19.35,3.5572,9.85,0.1803,0.72
47.5833538,-122.6414587,Lions Park,37,299,8920913,6.1,13.5778,55.2,26.96,26.59,3.6566,9.92,0.1797,0.66
47.5833538,-122.6414587,Lions Park,37,300,8605549,31.368,11.9713,53.6,25.25,25.38,4.2816,7.69,0.1435,0.75
47.5833538,-122.6414587,Lions Park,37,301,2556710,7.869,10.093,51.59,22.3,17.55,3.561,6.53,0.1266,0.805
47.5833538,-122.6414587,Lions Park,37,302,6089843,13.836,10.2096,49.66,25.63,18.04,3.1441,7.07,0.1424,0.785
48.255358,-122.507014,North Camano,7,303,8854036,0,16.2735,60.39,28.48,19.99,4.9803,11.29,0.187,0.745
48.255358,-122.507014,North Camano,7,304,31917668,0.564,15.1339,57.53,26.64,21.75,4.1138,11.02,0.1916,0.725
48.255358,-122.507014,North Camano,7,305,5141401,2.438,16.9798,61.37,26.95,21.9,5.2372,11.74,0.1913,0.855
48.255358,-122.507014,North Camano,7,306,3248979,0,11.7315,54.79,25.89,18.22,3.606,8.13,0.1484,0.745
48.018127,-122.699524,Maristone Island,11,307,2150285,12.992,14.0595,58.25,26.14,19.82,3.1397,10.92,0.1875,0.61
48.018127,-122.699524,Maristone Island,11,308,5028627,5.332,13.6023,55.9,26.98,20.62,3.8567,9.75,0.1744,0.705
48.018127,-122.699524,Maristone Island,11,309,5112018,0,15.3758,57.35,27.49,19.82,5.1274,10.25,0.1787,0.9
48.018127,-122.699524,Maristone Island,11,310,11966241,4.949,10.4353,51.19,24.82,17.8,3.4804,6.95,0.1358,0.695
48.018127,-122.699524,Maristone Island,11,311,2059689,8.389,17.5186,63.5,28.27,20.35,4.0737,13.44,0.2117,0.61
48.018127,-122.699524,Maristone Island,11,312,2318505,2.408,19.3934,61.24,29.73,23.76,4.6621,14.73,0.2405,0.675