latitude,longitude,site_name,site_number,reporting_area,a21,a22,a23,a24,a25,a26,a27,a28,a29,a30,a31,a32,a33,a34,a35,a36,a37,a38,a39,a40,a41,a42,a43,a44,a45,a46,a47,a48,a49,a50,a51,a52,a53,a54,a55,a56,a57,a58,a59,a60,a61,a62
48.6793778,-122.6300583,Aiston Preserve,77,7,1.704553377,1.400168845,-1.095784314,2.191568627,2.252445534,-1.095784314,2.800337691,1.339291939,-1.095784314,2.495953159,-1.095784314,-1.095784314,-1.095784314,-1.095784314,-1.095784314,-1.095784314,1.461045752,-1.095784314,-1.095784314,-1.095784314,-1.095784314,-1.095784314,-1.095784314,-1.095784314,-1.095784314,-1.095784314,-1.095784314,-1.095784314,-1.095784314,1.948061002,2.069814815,1.400168845,-1.095784314,-1.095784314,-1.095784314,-1.095784314,1.82630719,-1.095784314,-1.095784314,-1.095784314,-1.095784314,-1.095784314
47.50161,-122.38593,Arroyo Beach,13,11,3.061697736,1.740965379,-1.380765646,2.821564581,3.361864181,-1.380765646,5.042796272,2.701498003,-1.380765646,4.922729694,-1.380765646,-1.380765646,-1.380765646,-1.380765646,-1.380765646,-1.380765646,1.680932091,-1.380765646,-1.380765646,-1.380765646,-1.380765646,-1.380765646,-1.380765646,-1.320732357,-1.380765646,-1.380765646,-1.320732357,-1.380765646,-1.380765646,1.620898802,1.680932091,-1.320732357,-1.380765646,-1.380765646,1.560865513,-1.380765646,1.500832224,-1.380765646,-1.380765646,-1.320732357,1.680932091,1.560865513
47.27568,-122.4173,Blair Waterway,41,11,2.91538093,1.650215621,-1.320172496,2.970388117,3.080402492,-1.320172496,4.56559655,2.420316243,-1.320172496,4.400574988,-1.320172496,-1.320172496,-1.320172496,-1.320172496,-1.320172496,-1.320172496,1.760229995,-1.320172496,-1.320172496,-1.320172496,-1.320172496,-1.320172496,-1.320172496,-1.320172496,-1.320172496,-1.320172496,-1.320172496,-1.320172496,-1.320172496,1.87024437,2.035265932,1.375179684,1.375179684,-1.320172496,1.925251557,-1.320172496,1.760229995,-1.320172496,-1.320172496,-1.320172496,1.815237183,1.540201246
47.2632444,-122.385731,Blair Waterway #2,42,11,3.665701881,2.016136035,-1.710660878,3.726796913,3.482416787,-1.710660878,5.070887603,2.627086348,-1.710660878,4.643222383,-1.710660878,-1.710660878,-1.710660878,-1.710660878,-1.710660878,-1.710660878,1.832850941,-1.710660878,-1.710660878,-1.710660878,-1.710660878,-1.710660878,-1.710660878,-1.710660878,-1.710660878,-1.710660878,-1.649565847,-1.710660878,-1.710660878,2.016136035,2.199421129,-1.710660878,-1.710660878,-1.710660878,2.382706223,1.710660878,2.68818138,-1.710660878,-1.710660878,-1.710660878,2.199421129,2.016136035
47.68234,-122.5064,Brackenwood Ln,23,10,2.772765293,-1.533870162,-1.533870162,2.772765293,2.949750312,-1.592865169,4.660605493,2.477790262,-1.533870162,4.719600499,-1.592865169,-1.592865169,-1.533870162,-1.533870162,-1.592865169,-1.533870162,1.828845194,-1.533870162,-1.533870162,-1.533870162,-1.533870162,-1.533870162,-1.533870162,-1.533870162,-1.533870162,-1.533870162,-1.533870162,-1.533870162,-1.533870162,1.8878402,2.005830212,-1.533870162,-1.592865169,-1.533870162,1.592865169,-1.533870162,-1.533870162,-1.592865169,-1.533870162,-1.533870162,1.651860175,-1.533870162
47.78184,-122.83474,Broad Spit (Fisherman's Point),30,12,1.74146287,1.473545505,-1.205628141,2.076359576,2.478235623,-1.272607482,3.215008375,1.339586823,-1.205628141,2.679173646,-1.272607482,-1.272607482,-1.205628141,-1.205628141,-1.272607482,-1.205628141,1.607504188,-1.205628141,-1.205628141,-1.205628141,-1.205628141,-1.205628141,-1.205628141,-1.205628141,-1.205628141,-1.205628141,-1.205628141,-1.205628141,-1.205628141,1.74146287,2.009380235,1.339586823,-1.272607482,-1.272607482,-1.205628141,-1.272607482,1.406566164,-1.272607482,-1.205628141,-1.205628141,-1.205628141,-1.205628141
47.30515,-122.44441,Browns Point Lighthouse,54,11,3.334888132,1.75520428,-1.053122568,3.100860895,3.159367704,-1.111629377,4.563531128,2.574299611,-1.053122568,4.329503891,-1.053122568,-1.111629377,-1.053122568,-1.053122568,-1.053122568,-1.053122568,1.75520428,-1.053122568,-1.053122568,1.228642996,-1.053122568,-1.053122568,-1.053122568,-1.053122568,-1.053122568,-1.053122568,-1.053122568,-1.053122568,-1.053122568,1.75520428,2.164751946,1.462670233,1.170136187,-1.053122568,1.872217899,1.228642996,1.638190661,-1.111629377,-1.053122568,-1.053122568,1.75520428,1.75520428
48.520971,-122.600717,Cap Sante,64,7,1.909927007,1.464277372,-1.336948905,2.100919708,2.100919708,-1.336948905,2.928554745,-1.336948905,-1.336948905,2.546569343,-1.336948905,-1.336948905,-1.336948905,-1.336948905,-1.336948905,-1.336948905,1.655270073,-1.336948905,-1.336948905,-1.336948905,-1.336948905,-1.336948905,-1.336948905,-1.336948905,-1.336948905,-1.336948905,-1.336948905,-1.336948905,-1.336948905,1.973591241,2.164583942,1.336948905,-1.336948905,-1.336948905,-1.336948905,-1.336948905,1.846262774,-1.336948905,-1.336948905,-1.336948905,-1.336948905,-1.336948905
47.1905742,-122.5834897,Chambers Bay Park,56,13,2.654386712,1.474659284,-0.825809199,2.536413969,2.890332198,-0.825809199,4.188032368,2.241482112,-0.825809199,3.893100511,-0.825809199,-0.825809199,-0.825809199,-0.825809199,-0.825809199,-0.825809199,1.29770017,-0.825809199,-0.825809199,1.061754685,-0.825809199,-0.825809199,-0.825809199,-0.825809199,-0.825809199,-0.825809199,-0.825809199,-0.825809199,-0.825809199,1.592632027,1.769591141,1.238713799,0.884795571,-0.825809199,1.415672913,0.943781942,1.415672913,-0.825809199,-0.825809199,1.002768313,1.474659284,1.415672913
48.8208,-122.7101,"Cherry Point Aquatic Reserve, Conoco Phillips",75,7,1.931738224,1.388436849,-0.965869112,2.293939141,2.4750396,-1.026235932,2.897607336,1.328070029,-1.026235932,2.656140058,-1.026235932,-1.026235932,-0.965869112,-0.965869112,-1.026235932,-1.026235932,2.052471863,-1.026235932,-0.965869112,-1.026235932,-0.965869112,-1.026235932,-0.965869112,-0.965869112,-1.026235932,-0.965869112,-0.965869112,-1.026235932,-0.965869112,2.233572322,2.293939141,1.448803668,1.20733639,-1.026235932,1.690270946,1.20733639,1.750637766,-1.026235932,-1.026235932,-0.965869112,1.146969571,-0.965869112
48.04906,-122.7724,Chimacum Creek delta,8,9,1.996555024,-1.559808612,-1.559808612,2.308516746,2.558086124,-1.559808612,3.306794258,1.622200957,-1.559808612,3.05722488,-1.559808612,-1.559808612,-1.559808612,-1.559808612,-1.559808612,-1.559808612,1.996555024,-1.559808612,-1.559808612,-1.559808612,-1.559808612,-1.559808612,-1.559808612,-1.559808612,-1.559808612,-1.559808612,-1.497416268,-1.559808612,-1.559808612,1.871770335,1.996555024,1.622200957,-1.559808612,-1.559808612,-1.559808612,-1.559808612,-1.559808612,-1.559808612,-1.559808612,-1.559808612,-1.559808612,-1.559808612
48.68975,-122.50434,"Chuckanut, Clark's Point",74,7,1.721446384,1.4919202,-1.319775561,2.008354115,2.467406484,-1.319775561,3.27074813,1.377157107,-1.319775561,3.155985037,-1.319775561,-1.319775561,-1.319775561,-1.319775561,-1.319775561,-1.319775561,1.836209476,-1.319775561,-1.319775561,-1.319775561,-1.319775561,-1.319775561,-1.319775561,-1.319775561,-1.319775561,-1.319775561,-1.319775561,-1.319775561,-1.319775561,1.721446384,1.893591022,1.434538653,-1.319775561,-1.319775561,-1.319775561,-1.319775561,-1.319775561,-1.319775561,-1.319775561,-1.319775561,-1.319775561,-1.319775561
47.29,-122.41,Comm Bay Skookum,45,11,5.473657234,2.703854778,-1.582744261,5.341761879,5.209866524,-1.648691938,7.913721303,4.220651361,-1.582744261,7.254244527,-1.648691938,-1.648691938,-1.582744261,-1.582744261,-1.648691938,-1.582744261,2.374116391,1.714639616,-1.582744261,2.242221036,-1.582744261,-1.582744261,-1.582744261,-1.582744261,-1.582744261,-1.582744261,-1.582744261,-1.582744261,-1.582744261,2.769802456,2.967645489,1.648691938,2.440064068,1.648691938,3.495226909,2.506011746,3.627122264,-1.648691938,-1.582744261,1.912482648,3.363331554,2.769802456
47.292549,-122.412175,"Comm Bay, Dick Gilmur Launch",48,11,5.33870283,2.278714623,-1.171910377,4.622535377,4.752747642,-1.171910377,6.510613208,3.645943396,-1.171910377,6.054870283,-1.171910377,-1.171910377,1.432334906,-1.171910377,-1.171910377,-1.171910377,3.906367925,1.237016509,-1.171910377,1.953183962,-1.171910377,-1.171910377,-1.171910377,-1.171910377,-1.171910377,-1.171910377,-1.171910377,-1.171910377,-1.171910377,3.059988208,3.450625,2.343820755,2.148502358,1.367228774,3.12509434,2.539139151,4.882959906,1.432334906,-1.171910377,1.822971698,2.864669811,2.474033019
47.2694,-122.4243,"Comm Bay, Milwaukee Waterway",49,11,3.163315364,1.951832884,-1.278787062,3.230619946,3.567142857,-1.278787062,4.442102426,2.355660377,-1.278787062,4.038274933,-1.278787062,-1.278787062,-1.278787062,-1.278787062,-1.278787062,-1.278787062,2.557574124,-1.278787062,-1.278787062,-1.278787062,-1.278787062,-1.278787062,-1.278787062,-1.278787062,-1.278787062,-1.278787062,-1.21148248,-1.278787062,-1.278787062,2.894097035,3.432533693,2.086442049,1.548005391,-1.278787062,2.355660377,1.548005391,4.374797844,-1.278787062,-1.278787062,-1.278787062,1.884528302,1.749919137
47.40301418,-122.3305538,Des Moines Marina,21,11,3.307655458,1.898839245,-1.286310456,3.675172731,3.858931368,-1.286310456,5.941529249,2.69512667,-1.286310456,4.777724551,-1.286310456,-1.286310456,-1.286310456,-1.286310456,-1.286310456,-1.286310456,2.082597881,-1.286310456,-1.286310456,-1.286310456,-1.286310456,-1.286310456,-1.286310456,-1.286310456,-1.286310456,-1.286310456,-1.225057577,-1.286310456,-1.286310456,1.960092123,2.266356518,1.531321971,-1.286310456,-1.286310456,1.776333487,1.347563335,1.776333487,-1.286310456,-1.286310456,1.286310456,1.837586366,1.837586366
48.064957,-122.857524,Discovery Bay,12,6,1.1296983,-0.894344487,-0.894344487,1.270910587,1.506264399,-0.894344487,1.882830499,0.894344487,-0.894344487,1.788688974,-0.894344487,-0.894344487,-0.894344487,-0.894344487,-0.894344487,-0.894344487,1.082627537,-0.894344487,-0.894344487,-0.894344487,-0.894344487,-0.894344487,-0.894344487,-0.894344487,-0.894344487,-0.894344487,-0.894344487,-0.894344487,-0.894344487,1.082627537,1.176769062,-0.894344487,-0.894344487,-0.894344487,-0.894344487,-0.894344487,-0.894344487,-0.894344487,-0.894344487,-0.894344487,-0.894344487,-0.894344487
47.33775,-122.59014,Donkey Creek Delta,44,11,6.612110312,2.446480815,-1.05793765,4.892961631,5.686414868,1.586906475,9.918165468,5.818657074,1.586906475,10.5793765,-1.05793765,-1.05793765,-1.05793765,-1.05793765,-1.05793765,1.05793765,1.653027578,1.91751199,1.388543165,3.306055156,-1.05793765,-1.05793765,-1.05793765,-1.05793765,-1.05793765,-1.05793765,-1.05793765,-1.05793765,-1.05793765,2.181996403,2.248117506,1.454664269,1.256300959,1.124058753,2.777086331,1.91751199,2.248117506,-1.05793765,-1.05793765,1.586906475,3.17381295,3.636660671
47.61889,-122.5275,Eagle Harbor Dr,31,10,6.393396226,2.818594035,-1.443670116,5.499695679,6.393396226,1.924893488,9.624467438,4.743487523,-1.443670116,8.937005478,-1.443670116,-1.443670116,-1.443670116,-1.443670116,-1.443670116,-1.443670116,1.856147292,1.649908704,-1.443670116,2.749847839,-1.443670116,-1.443670116,-1.443670116,-1.443670116,-1.443670116,-1.443670116,-1.443670116,-1.443670116,-1.443670116,2.543609251,2.612355447,1.649908704,-1.443670116,-1.443670116,2.956086427,1.993639684,2.406116859,-1.443670116,-1.443670116,1.787401096,2.956086427,3.574802191
48.69368,-122.90985,"Eastsound, Fishing Bay",60,7,1.708319605,-1.322570016,-1.322570016,1.873640857,2.204283361,-1.322570016,2.755354201,-1.322570016,-1.322570016,2.590032949,-1.322570016,-1.322570016,-1.322570016,-1.322570016,-1.322570016,-1.322570016,1.598105437,-1.322570016,-1.322570016,-1.322570016,-1.322570016,-1.322570016,-1.322570016,-1.322570016,-1.322570016,-1.322570016,-1.322570016,-1.322570016,-1.322570016,1.542998353,1.653212521,-1.322570016,-1.322570016,-1.322570016,-1.322570016,-1.322570016,-1.322570016,-1.322570016,-1.322570016,-1.322570016,-1.322570016,-1.322570016
47.81407,-122.3825,Edmonds Ferry,69,9,2.806205607,1.695415888,-1.169252336,2.981593458,3.215443925,-1.227714953,4.560084112,2.338504673,-1.169252336,4.384696262,-1.169252336,-1.227714953,-1.169252336,-1.169252336,-1.169252336,-1.169252336,1.987728972,-1.169252336,-1.169252336,-1.169252336,-1.169252336,-1.169252336,-1.169252336,-1.169252336,-1.169252336,-1.169252336,-1.169252336,-1.169252336,-1.169252336,2.104654206,2.221579439,1.461565421,-1.169252336,-1.169252336,1.636953271,-1.169252336,1.636953271,-1.227714953,-1.169252336,-1.169252336,1.695415888,1.28617757
47.8111,-122.388,Edmonds Marina,68,9,2.752819945,1.698548476,-0.937130194,2.987102493,3.221385042,-0.937130194,4.627080332,2.518537396,-0.937130194,4.68565097,-0.937130194,-0.937130194,-0.937130194,-0.937130194,-0.937130194,-0.937130194,1.815689751,-0.937130194,-0.937130194,1.112842105,-0.937130194,-0.937130194,-0.937130194,-0.937130194,-0.937130194,-0.937130194,-0.937130194,-0.937130194,-0.937130194,1.991401662,2.108542936,1.347124654,1.054271468,-0.937130194,1.581407202,1.171412742,1.698548476,-0.937130194,-0.937130194,1.171412742,1.757119114,1.405695291
47.074603,-123.003527,Eld Inlet,72,13,2.73484507,1.447859155,-1.179737089,2.359474178,2.949342723,-1.233361502,4.450826291,2.091352113,-1.179737089,4.236328638,-1.179737089,-1.233361502,-1.179737089,-1.179737089,-1.179737089,-1.179737089,1.394234742,-1.179737089,-1.179737089,-1.179737089,-1.179737089,-1.179737089,-1.179737089,-1.179737089,-1.179737089,-1.179737089,-1.179737089,-1.179737089,-1.179737089,1.501483568,1.501483568,1.179737089,-1.179737089,-1.179737089,1.340610329,-1.179737089,1.286985915,-1.233361502,-1.179737089,-1.179737089,1.286985915,1.501483568
47.61862,-122.36108,Elliot Bay Myrtle Edwards,19,10,8.052281134,3.489321825,-1.409149199,7.381257707,7.381257707,1.945967941,13.42046856,8.052281134,2.281479655,12.74944513,-1.409149199,-1.409149199,-1.409149199,-1.409149199,-1.409149199,1.476251541,3.019605425,3.153810111,1.610456227,3.489321825,-1.409149199,-1.409149199,-1.409149199,-1.409149199,-1.409149199,-1.409149199,-1.342046856,-1.409149199,-1.409149199,3.220912454,4.026140567,2.549889026,2.348581998,1.878865598,4.09324291,3.086707768,5.502392109,1.67755857,-1.409149199,2.751196054,5.032675709,3.824833539
47.58766,-122.35065,"Elliott Bay, Harbor Island, Pier 17",14,10,7.417353103,2.738714992,-1.369357496,6.276221856,5.705656233,1.882866557,13.69357496,10.27018122,2.567545305,14.83470621,-1.369357496,-1.369357496,-1.369357496,-1.369357496,-1.369357496,1.825809995,1.882866557,3.936902801,2.168149368,4.507468424,-1.369357496,-1.369357496,-1.369357496,-1.369357496,-1.369357496,-1.369357496,-1.369357496,-1.369357496,-1.369357496,2.339319055,2.282262493,1.483470621,1.768753432,1.597583745,3.594563427,2.225205931,2.567545305,-1.369357496,-1.369357496,1.825809995,5.078034047,3.594563427
47.9726,-122.22977,Everett Harbor,66,8.2,2.5298188,1.797502831,-1.464631937,2.929263873,3.12898641,-1.464631937,4.260747452,2.196947905,-1.464631937,4.061024915,-1.464631937,-1.464631937,-1.464631937,-1.464631937,-1.464631937,-1.464631937,2.196947905,-1.464631937,-1.464631937,-1.464631937,-1.464631937,-1.464631937,-1.464631937,-1.464631937,-1.464631937,-1.464631937,-1.464631937,-1.464631937,-1.464631937,2.330096263,2.5298188,1.597780294,-1.464631937,-1.464631937,1.730928652,-1.464631937,1.797502831,-1.464631937,-1.464631937,-1.464631937,1.531206116,-1.464631937
48.482448,-122.583879,"Fidalgo Bay Aq Reserve, Weaverling Spit",63,7,2.162282542,-1.971492906,-2.035089451,2.480265268,2.925441086,-2.035089451,3.179827267,-2.035089451,-2.035089451,2.86184454,-2.035089451,-2.035089451,-2.035089451,-1.971492906,-2.035089451,-2.035089451,-2.035089451,-2.035089451,-1.971492906,-2.035089451,-2.035089451,-2.035089451,-1.971492906,-1.971492906,-2.035089451,-1.971492906,-1.971492906,-2.035089451,-2.035089451,2.162282542,3.243423812,-1.971492906,-2.035089451,-2.035089451,-2.035089451,-2.035089451,3.879389266,-2.035089451,-2.035089451,-1.971492906,-2.035089451,-1.971492906
47.19483,-122.748665,Filucy Bay,59,13,3.617863974,1.601349628,-1.067566419,2.846843783,3.736482465,-1.126875664,5.159904357,2.668916047,-1.126875664,5.219213603,-1.126875664,-1.126875664,-1.067566419,-1.067566419,-1.126875664,-1.126875664,1.542040383,-1.126875664,-1.067566419,1.245494155,-1.067566419,-1.126875664,-1.067566419,-1.067566419,-1.126875664,-1.067566419,-1.067566419,-1.126875664,-1.067566419,1.660658874,2.075823592,1.245494155,-1.126875664,-1.126875664,1.957205101,1.126875664,1.482731137,-1.126875664,-1.126875664,-1.067566419,1.719968119,2.372369819
48.5069444,-123.0194444,Friday Harbor,61,7,1.754755662,-1.378736591,-1.378736591,1.942765197,2.256114422,-1.378736591,3.008152563,-1.378736591,-1.378736591,2.694803337,-1.378736591,-1.378736591,-1.378736591,-1.378736591,-1.378736591,-1.378736591,1.504076281,-1.378736591,-1.378736591,-1.378736591,-1.378736591,-1.378736591,-1.378736591,-1.378736591,-1.378736591,-1.378736591,-1.378736591,-1.378736591,-1.378736591,1.566746126,1.629415971,-1.378736591,-1.378736591,-1.378736591,-1.378736591,-1.378736591,-1.378736591,-1.378736591,-1.378736591,-1.378736591,-1.378736591,-1.378736591
47.33785,-122.58277,Gig Harbor Boat Launch,58,11,4.863690965,1.846971253,-1.231314168,3.632376797,4.371165298,-1.231314168,7.38788501,4.309599589,-1.231314168,8.003542094,-1.231314168,-1.231314168,-1.231314168,-1.231314168,-1.231314168,-1.231314168,1.416011294,1.600708419,-1.231314168,2.524194045,-1.231314168,-1.231314168,-1.231314168,-1.231314168,-1.231314168,-1.231314168,-1.231314168,-1.231314168,-1.231314168,1.723839836,1.970102669,1.354445585,-1.231314168,-1.231314168,2.093234086,1.477577002,1.662274127,-1.231314168,-1.231314168,-1.231314168,2.524194045,2.893588296
47.5706,-122.9717,Hood Canal Holly,29,12,1.707373272,-1.502488479,-1.57078341,1.980552995,2.048847926,-1.57078341,2.731797235,-1.57078341,-1.57078341,2.526912442,-1.57078341,-1.57078341,-1.57078341,-1.57078341,-1.57078341,-1.57078341,1.707373272,-1.57078341,-1.57078341,-1.57078341,-1.57078341,-1.57078341,-1.57078341,-1.57078341,-1.57078341,-1.57078341,-1.502488479,-1.57078341,-1.57078341,1.912258065,2.048847926,-1.57078341,-1.57078341,-1.57078341,-1.57078341,-1.57078341,1.912258065,-1.57078341,-1.57078341,-1.502488479,-1.57078341,-1.57078341
48.024789,-122.998135,Jamestown,2,6,1.922363352,1.590921395,-1.392056221,2.386382093,2.651535659,-1.392056221,3.115554399,1.458344612,-1.392056221,2.651535659,-1.392056221,-1.392056221,-1.325767829,-1.325767829,-1.392056221,-1.392056221,3.446996356,-1.392056221,-1.325767829,-1.392056221,-1.392056221,-1.392056221,-1.325767829,-1.325767829,-1.392056221,-1.325767829,-1.325767829,-1.392056221,-1.392056221,2.71782405,3.314419573,2.121228527,-1.392056221,-1.392056221,1.657209787,-1.392056221,3.64586153,-1.392056221,-1.392056221,-1.325767829,-1.392056221,-1.325767829
47.794695,-122.499858,Kingston Marina,36,10,2.730109661,1.755070496,-1.235049608,2.795112272,2.990120104,-1.235049608,4.940198433,2.470099217,-1.235049608,4.615185379,-1.235049608,-1.235049608,-1.235049608,-1.235049608,-1.235049608,-1.235049608,1.755070496,-1.235049608,-1.235049608,1.300052219,-1.235049608,-1.235049608,-1.235049608,-1.235049608,-1.235049608,-1.235049608,-1.235049608,-1.235049608,-1.235049608,2.080083551,2.210088773,1.36505483,-1.235049608,-1.235049608,1.300052219,-1.235049608,1.625065274,-1.235049608,-1.235049608,-1.235049608,1.430057441,1.300052219
47.54167,-122.64034,Kitsap St Boat Launch,25,10,9.609923664,3.540498192,-1.163306549,7.080996384,8.598352752,2.326613098,14.16199277,8.092567296,2.427770189,14.16199277,-1.163306549,-1.163306549,-1.163306549,-1.163306549,-1.163306549,1.517356368,1.618513459,2.933555645,1.770249096,4.754383286,-1.163306549,-1.163306549,-1.163306549,-1.163306549,-1.163306549,-1.163306549,-1.163306549,-1.163306549,-1.163306549,2.07372037,1.972563278,1.416199277,1.669092005,1.618513459,3.591076738,2.52892728,3.135869827,1.26446364,-1.163306549,2.276034552,4.855540378,5.05785456
47.30973,-122.68868,Kopachuck State Park,52,13,2.496530029,1.416949476,-1.079580553,2.429056244,2.766425167,-1.079580553,3.980953289,2.159161106,-1.079580553,3.84600572,-1.079580553,-1.079580553,-1.079580553,-1.079580553,-1.079580553,-1.079580553,1.686844614,-1.079580553,-1.079580553,1.079580553,-1.079580553,-1.079580553,-1.079580553,-1.079580553,-1.079580553,-1.079580553,-1.012106768,-1.079580553,-1.079580553,1.619370829,1.889265968,1.214528122,-1.079580553,-1.079580553,1.416949476,-1.079580553,1.282001907,-1.079580553,-1.079580553,-1.079580553,1.282001907,1.349475691
47.5833538,-122.6414587,Lions Park,37,10,5.067873807,2.632661718,-1.513780488,4.146442206,5.067873807,-1.579597031,8.556150583,4.541341463,-1.513780488,8.556150583,-1.513780488,-1.513780488,-1.513780488,-1.513780488,-1.513780488,-1.513780488,1.711230117,1.579597031,-1.513780488,2.764294804,-1.513780488,-1.513780488,-1.513780488,-1.513780488,-1.513780488,-1.513780488,-1.513780488,-1.513780488,-1.513780488,1.974496288,2.171945917,-1.513780488,-1.513780488,-1.513780488,2.106129374,-1.513780488,2.566845175,-1.513780488,-1.513780488,-1.513780488,2.632661718,2.830111347
48.77636877,-122.5378679,Locust Beach,76,7,1.728059049,1.472050301,-1.408048114,2.176074358,2.176074358,-1.408048114,2.944100601,-1.408048114,-1.408048114,2.624089666,-1.408048114,-1.408048114,-1.408048114,-1.408048114,-1.408048114,-1.408048114,1.600054675,-1.408048114,-1.408048114,-1.408048114,-1.408048114,-1.408048114,-1.408048114,-1.408048114,-1.408048114,-1.408048114,-1.408048114,-1.408048114,-1.408048114,1.92006561,1.92006561,-1.408048114,-1.408048114,-1.408048114,-1.408048114,-1.408048114,1.856063423,-1.408048114,-1.408048114,-1.408048114,-1.408048114,-1.408048114
47.57995505,-122.6786,Madrona Pont,28,10,4.760937819,1.928481142,-1.205300714,3.555637105,4.580142712,1.446360856,7.231804281,3.856962283,-1.205300714,7.834454638,-1.205300714,-1.205300714,-1.205300714,-1.205300714,-1.205300714,-1.205300714,1.265565749,-1.205300714,-1.205300714,2.470866463,-1.205300714,-1.205300714,-1.205300714,-1.205300714,-1.205300714,-1.205300714,-1.205300714,-1.205300714,-1.205300714,1.627155963,1.627155963,-1.205300714,-1.205300714,-1.205300714,2.109276249,1.325830785,2.22980632,-1.205300714,-1.205300714,-1.205300714,2.350336391,2.772191641
47.55622,-122.54281,"Manchester, Stormwater Outfall",33,10,2.941688585,1.915518148,-1.368227249,3.146922672,3.35215676,-1.368227249,5.267674908,2.873277223,-1.368227249,5.062440821,-1.368227249,-1.368227249,-1.368227249,-1.368227249,-1.368227249,-1.368227249,1.915518148,-1.368227249,-1.368227249,1.505049974,-1.368227249,-1.368227249,-1.368227249,-1.368227249,-1.368227249,-1.368227249,-1.368227249,-1.368227249,-1.368227249,2.325986323,2.394397685,1.641872699,-1.368227249,-1.368227249,1.710284061,-1.368227249,1.641872699,-1.368227249,-1.368227249,-1.368227249,1.641872699,1.641872699
47.30008,-122.74566,Maple Hollow Park,51,13,2.748148148,1.635802469,-1.112345679,2.682716049,3.075308642,-1.177777778,4.383950617,2.159259259,-1.112345679,4.318518519,-1.112345679,-1.177777778,-1.112345679,-1.112345679,-1.112345679,-1.112345679,2.028395062,-1.112345679,-1.112345679,1.177777778,-1.112345679,-1.112345679,-1.112345679,-1.112345679,-1.112345679,-1.112345679,-1.112345679,-1.112345679,-1.112345679,2.09382716,2.420987654,1.57037037,-1.112345679,-1.112345679,1.57037037,-1.112345679,1.374074074,-1.177777778,-1.112345679,-1.112345679,1.439506173,1.504938272
48.018127,-122.699524,Maristone Island,11,9,2.046102075,1.411104879,-1.411104879,2.539988783,2.681099271,-1.411104879,3.245541223,1.552215367,-1.411104879,2.963320247,-1.411104879,-1.411104879,-1.411104879,-1.411104879,-1.411104879,-1.411104879,2.187212563,-1.411104879,-1.411104879,-1.411104879,-1.411104879,-1.411104879,-1.411104879,-1.411104879,-1.411104879,-1.411104879,-1.411104879,-1.411104879,-1.411104879,2.328323051,2.822209759,2.046102075,-1.411104879,-1.411104879,1.622770611,-1.411104879,3.809983174,-1.411104879,-1.411104879,-1.411104879,-1.411104879,-1.411104879
47.11795,-122.83359,Meyer's Point - Henderson Inlet,71,13,3.048227612,1.709981343,-1.338246269,3.048227612,3.568656716,-1.338246269,4.68386194,2.230410448,-1.338246269,4.237779851,-1.338246269,-1.338246269,1.412593284,-1.263899254,-1.338246269,-1.338246269,3.196921642,-1.338246269,-1.263899254,-1.338246269,-1.338246269,-1.338246269,-1.263899254,-1.263899254,-1.338246269,-1.263899254,-1.263899254,-1.338246269,-1.338246269,2.602145522,3.345615672,2.081716418,1.561287313,-1.338246269,2.007369403,1.486940299,4.386473881,-1.338246269,-1.338246269,1.338246269,1.635634328,1.784328358
47.4436,-122.360316,Miller Creek,20,11,3.177356866,1.842866982,-1.207395609,3.367998278,3.431545415,-1.207395609,4.829582437,2.541885493,-1.207395609,4.638941025,-1.207395609,-1.207395609,-1.143848472,-1.143848472,-1.207395609,-1.207395609,2.923168317,-1.207395609,-1.143848472,-1.207395609,-1.207395609,-1.207395609,-1.143848472,-1.143848472,-1.207395609,-1.143848472,-1.143848472,-1.207395609,-1.207395609,2.541885493,2.923168317,1.969961257,-1.207395609,-1.207395609,1.842866982,1.334489884,1.842866982,-1.207395609,-1.207395609,1.270942746,1.588678433,1.588678433
47.3539722,-122.69175,Minter Bay,55,13,2.631632653,1.381607143,-1.25002551,2.236887755,2.763214286,-1.25002551,4.276403061,2.236887755,-1.25002551,4.342193878,-1.25002551,-1.25002551,-1.184234694,-1.184234694,-1.25002551,-1.25002551,1.25002551,-1.25002551,-1.184234694,-1.25002551,-1.25002551,-1.25002551,-1.184234694,-1.184234694,-1.25002551,-1.184234694,-1.184234694,-1.25002551,-1.184234694,1.578979592,1.842142857,1.315816327,-1.25002551,-1.25002551,1.381607143,-1.25002551,1.315816327,-1.25002551,-1.25002551,-1.184234694,1.381607143,1.644770408
47.94968,-122.30158,Mukilteo,65,8.2,2.265723109,1.488903757,-1.229963973,2.589397838,2.71886773,-1.229963973,3.754626866,1.877313433,-1.229963973,3.495687082,-1.229963973,-1.229963973,-1.229963973,-1.229963973,-1.229963973,-1.229963973,2.136253217,-1.229963973,-1.229963973,-1.229963973,-1.229963973,-1.229963973,-1.229963973,-1.229963973,-1.229963973,-1.229963973,-1.229963973,-1.229963973,-1.229963973,2.200988163,2.265723109,1.553638703,-1.229963973,-1.229963973,1.488903757,-1.229963973,1.553638703,-1.229963973,-1.229963973,-1.229963973,1.424168811,-1.229963973
48.52108,-122.61531,N Avenue Park,62,7,2.170719603,1.465235732,-1.248163772,2.387791563,2.767667494,-1.248163772,3.690223325,1.628039702,-1.248163772,3.201811414,-1.248163772,-1.248163772,-1.248163772,-1.248163772,-1.248163772,-1.248163772,1.573771712,-1.248163772,-1.248163772,-1.248163772,-1.248163772,-1.248163772,-1.248163772,-1.248163772,-1.248163772,-1.248163772,-1.248163772,-1.248163772,-1.248163772,1.736575682,1.899379653,1.248163772,-1.248163772,-1.248163772,1.302431762,-1.248163772,1.302431762,-1.248163772,-1.248163772,-1.248163772,-1.248163772,-1.248163772
48.255358,-122.507014,North Camano,7,8.1,1.967858881,-1.52350365,-1.52350365,2.221776156,2.285255474,-1.52350365,2.920048662,1.586982968,-1.52350365,2.920048662,-1.52350365,-1.52350365,-1.52350365,-1.52350365,-1.52350365,-1.52350365,1.586982968,-1.52350365,-1.52350365,-1.52350365,-1.52350365,-1.52350365,-1.52350365,-1.52350365,-1.52350365,-1.52350365,-1.52350365,-1.52350365,-1.52350365,1.650462287,1.586982968,-1.52350365,-1.52350365,-1.52350365,-1.52350365,-1.52350365,-1.52350365,-1.52350365,-1.52350365,-1.52350365,-1.52350365,-1.52350365
48.02218,-122.728709,Oak Bay County Park,10,9,2.051926978,1.346577079,-1.282454361,2.30841785,2.564908722,-1.346577079,3.077890467,1.603067951,-1.282454361,3.013767748,-1.282454361,-1.282454361,-1.282454361,-1.282454361,-1.282454361,-1.282454361,2.180172414,-1.282454361,-1.282454361,-1.282454361,-1.282454361,-1.282454361,-1.282454361,-1.282454361,-1.282454361,-1.282454361,-1.282454361,-1.282454361,-1.282454361,2.372540568,2.62903144,1.923681542,-1.282454361,-1.282454361,1.603067951,-1.282454361,3.206135903,-1.282454361,-1.282454361,-1.282454361,-1.282454361,-1.282454361
48.21423,-122.718972,Penn Cove Reference,3,8.1,1.97506133,1.463008393,-1.316707553,2.267663008,2.487114267,-1.316707553,3.364919303,1.536158812,-1.316707553,3.072317624,-1.316707553,-1.316707553,-1.316707553,-1.316707553,-1.316707553,-1.316707553,1.536158812,-1.316707553,-1.316707553,-1.316707553,-1.316707553,-1.316707553,-1.316707553,-1.316707553,-1.316707553,-1.316707553,-1.316707553,-1.316707553,-1.316707553,1.90191091,1.97506133,-1.316707553,-1.316707553,-1.316707553,1.389857973,-1.316707553,1.97506133,-1.316707553,-1.316707553,-1.316707553,-1.316707553,-1.316707553
47.2619,-122.7376,Pennrose Point State Park,50,13,2.640508806,1.584305284,-1.122216243,2.442470646,2.970572407,-1.122216243,4.09278865,2.046394325,-1.122216243,3.894750489,-1.122216243,-1.122216243,1.122216243,-1.122216243,-1.122216243,-1.122216243,2.838546967,-1.122216243,-1.056203523,-1.122216243,-1.122216243,-1.122216243,-1.056203523,-1.056203523,-1.122216243,-1.056203523,-1.056203523,-1.122216243,-1.122216243,2.640508806,3.102597847,2.046394325,1.188228963,-1.122216243,1.650318004,1.320254403,3.234623288,-1.122216243,-1.122216243,-1.056203523,1.584305284,1.584305284
47.3062,-122.5145,Point Defiance Ferry,43,11,3.64782588,2.14237393,-1.158039962,3.705727878,3.879433873,1.273843958,5.79019981,2.779295909,-1.158039962,4.979571836,-1.158039962,-1.158039962,-1.158039962,-1.158039962,-1.158039962,-1.158039962,1.679157945,-1.158039962,-1.158039962,1.273843958,-1.158039962,-1.158039962,-1.158039962,-1.158039962,-1.158039962,-1.158039962,-1.158039962,-1.158039962,-1.158039962,1.968667935,2.084471931,1.447549952,1.21594196,-1.158039962,1.910765937,1.273843958,1.794961941,-1.158039962,-1.158039962,1.331745956,2.200275928,1.968667935
48.12823,-123.45715,Port Angeles Yacht Club,1,6,4.808247423,2.704639175,-1.382371134,4.688041237,5.409278351,-1.382371134,6.611340206,3.005154639,-1.382371134,5.649690722,-1.382371134,-1.382371134,-1.382371134,-1.382371134,-1.382371134,-1.382371134,1.742989691,-1.382371134,-1.382371134,-1.382371134,-1.382371134,-1.382371134,-1.382371134,-1.382371134,-1.382371134,-1.382371134,-1.382371134,-1.382371134,-1.382371134,2.16371134,2.16371134,1.562680412,1.803092784,-1.382371134,2.945051546,2.283917526,3.125360825,-1.382371134,-1.382371134,1.742989691,2.58443299,2.344020619
47.38566,-122.627255,Purdy - Dexters,57,13,2.409455587,1.434199754,-1.089991813,2.294719607,2.638927548,-1.089991813,4.417335244,2.294719607,-1.089991813,4.532071224,-1.089991813,-1.089991813,-1.089991813,-1.089991813,-1.089991813,-1.089991813,1.434199754,-1.089991813,-1.089991813,1.434199754,-1.089991813,-1.089991813,-1.089991813,-1.089991813,-1.089991813,-1.089991813,-1.089991813,-1.089991813,-1.089991813,1.376831764,1.721039705,1.089991813,-1.089991813,-1.089991813,1.376831764,-1.089991813,1.262095784,-1.089991813,-1.089991813,-1.089991813,1.319463774,1.491567745
47.386977,-122.6367089,"Purdy, Burley Lagoon",47,13,3.077447638,1.538723819,-1.046332197,2.646604968,3.13899659,-1.046332197,5.354758889,2.831251827,-1.046332197,5.724052606,-1.046332197,-1.046332197,-1.046332197,-1.046332197,-1.046332197,-1.046332197,2.338860205,1.292528008,-1.046332197,1.908017535,-1.046332197,-1.046332197,-1.046332197,-1.046332197,-1.046332197,-1.046332197,-1.046332197,-1.046332197,-1.046332197,2.031115441,2.338860205,1.600272772,-1.046332197,-1.046332197,1.600272772,1.230979055,3.077447638,-1.046332197,-1.046332197,-1.046332197,1.538723819,1.661821724
47.32598,-122.66724,Raft Island Park,53,13,2.673547237,1.547843137,-1.266417112,2.743903743,3.236399287,-1.266417112,3.939964349,2.040338681,-1.266417112,4.010320856,-1.266417112,-1.266417112,-1.266417112,-1.266417112,-1.266417112,-1.266417112,1.68855615,-1.266417112,-1.266417112,-1.266417112,-1.266417112,-1.266417112,-1.266417112,-1.266417112,-1.266417112,-1.266417112,-1.266417112,-1.266417112,-1.266417112,1.68855615,2.110695187,1.336773619,-1.266417112,-1.266417112,1.477486631,-1.266417112,1.618199643,-1.266417112,-1.266417112,-1.266417112,1.477486631,1.68855615
47.346537,-122.82236,Reach Island,39,13,2.510389344,-1.401147541,-1.459528689,2.276864754,2.743913934,-1.459528689,4.086680328,1.984959016,-1.459528689,4.26182377,-1.459528689,-1.459528689,-1.401147541,-1.401147541,-1.459528689,-1.459528689,-1.459528689,-1.459528689,-1.401147541,-1.459528689,-1.459528689,-1.459528689,-1.401147541,-1.401147541,-1.459528689,-1.401147541,-1.401147541,-1.459528689,-1.401147541,1.459528689,1.576290984,-1.401147541,-1.459528689,-1.459528689,-1.459528689,-1.459528689,-1.459528689,-1.459528689,-1.459528689,-1.401147541,-1.459528689,-1.401147541
47.578117,-122.524833,Rich Passage,32,10,3.686919692,1.902926293,-0.8919967,3.211188119,3.686919692,0.951463146,5.470913091,2.913855886,-0.8919967,5.351980198,-0.8919967,-0.8919967,1.129862486,-0.8919967,-0.8919967,-0.8919967,2.973322332,0.951463146,-0.8919967,1.665060506,-0.8919967,-0.8919967,-0.8919967,-0.8919967,-0.8919967,-0.8919967,-0.8919967,-0.8919967,-0.8919967,2.735456546,2.973322332,2.081325633,1.367728273,1.07039604,2.140792079,1.367728273,3.389587459,-0.8919967,-0.8919967,1.129862486,1.902926293,1.962392739
47.60255,-122.66992,Rocky Point,27,10,5.05356357,2.374566015,-1.217726161,4.018496333,4.992677262,1.58304401,8.52408313,4.383814181,-1.217726161,8.52408313,-1.217726161,-1.217726161,-1.217726161,-1.217726161,-1.217726161,-1.217726161,1.522157702,1.278612469,-1.217726161,2.861656479,-1.217726161,-1.217726161,-1.217726161,-1.217726161,-1.217726161,-1.217726161,-1.217726161,-1.217726161,-1.217726161,1.765702934,1.522157702,1.217726161,-1.217726161,-1.217726161,2.009248166,1.400385086,1.765702934,-1.217726161,-1.217726161,1.278612469,2.557224939,3.044315403
48.02667,-122.75076,S of Skunk Island,9,9,2.041971534,-1.501449657,-1.561507644,2.10202952,2.402319452,-1.561507644,3.062957301,-1.501449657,-1.561507644,3.002899315,-1.561507644,-1.561507644,-1.501449657,-1.501449657,-1.561507644,-1.561507644,1.741681603,-1.561507644,-1.501449657,-1.561507644,-1.561507644,-1.561507644,-1.501449657,-1.501449657,-1.561507644,-1.501449657,-1.501449657,-1.561507644,-1.561507644,1.741681603,1.861797575,-1.501449657,-1.561507644,-1.561507644,-1.561507644,-1.561507644,-1.561507644,-1.561507644,-1.561507644,-1.501449657,-1.561507644,-1.501449657
47.6663,-122.4018,"Salmon Bay, Commodore Park",16,10,6.845882353,3.795,-1.562647059,7.366764706,7.441176471,1.785882353,11.16176471,5.506470588,1.562647059,10.41764706,-1.562647059,-1.562647059,-1.562647059,-1.562647059,-1.562647059,-1.562647059,2.827647059,2.157941176,-1.562647059,2.678823529,-1.562647059,-1.562647059,-1.562647059,-1.562647059,-1.562647059,-1.562647059,-1.562647059,-1.562647059,-1.562647059,3.348529412,3.497352941,2.157941176,2.083529412,1.711470588,3.348529412,2.678823529,3.497352941,-1.562647059,-1.562647059,2.604411765,3.869411765,3.422941176
47.29464,-122.53053,Salmon Beach,40,11,2.679110251,1.667001934,-1.488394584,2.857717602,3.095860735,-1.547930368,4.762862669,2.440967118,-1.547930368,4.524719536,-1.547930368,-1.547930368,-1.488394584,-1.488394584,-1.547930368,-1.488394584,1.845609284,-1.488394584,-1.488394584,-1.488394584,-1.488394584,-1.488394584,-1.488394584,-1.488394584,-1.488394584,-1.488394584,-1.488394584,-1.488394584,-1.488394584,2.024216634,2.143288201,1.607466151,-1.547930368,-1.547930368,1.607466151,-1.547930368,1.667001934,-1.547930368,-1.488394584,-1.488394584,1.607466151,-1.488394584
47.607,-122.342,"Seattle Aquarium, Pier 59",17,10,7.128346457,3.564173228,-1.166456693,6.480314961,6.480314961,1.879291339,13.60866142,8.424409449,2.203307087,13.60866142,-1.166456693,1.166456693,1.166456693,-1.166456693,-1.166456693,1.555275591,2.592125984,3.36976378,1.749685039,3.758582677,-1.166456693,-1.166456693,-1.166456693,-1.166456693,-1.166456693,-1.166456693,-1.166456693,-1.166456693,-1.166456693,2.916141732,3.110551181,1.944094488,1.944094488,1.62007874,3.24015748,2.332913386,2.980944882,1.231259843,-1.166456693,2.268110236,4.082598425,3.24015748
47.671678,-122.406663,Shilshole Bay,18,10,6.690253353,3.082026826,-1.578599106,6.765424739,6.539910581,1.87928465,9.020566319,5.111654247,-1.578599106,8.268852459,-1.578599106,-1.578599106,-1.578599106,-1.578599106,-1.578599106,-1.578599106,2.405484352,1.954456036,-1.578599106,2.480655738,-1.578599106,-1.578599106,-1.578599106,-1.578599106,-1.578599106,-1.578599106,-1.578599106,-1.578599106,-1.578599106,2.931684054,3.683397914,2.330312966,2.179970194,1.653770492,3.307540984,2.63099851,5.337168405,-1.578599106,-1.578599106,2.104798808,3.457883756,3.533055142
47.6427936,-122.6967068,"Silverdale, Dyes Inlet",35,10,5.620339367,2.536006787,-1.233733032,4.523687783,5.68888009,1.782058824,9.595701357,4.729309955,1.302273756,9.595701357,-1.233733032,-1.233733032,-1.233733032,-1.233733032,-1.233733032,-1.233733032,1.850599548,1.37081448,-1.233733032,2.947251131,-1.233733032,-1.233733032,-1.233733032,-1.233733032,-1.233733032,-1.233733032,-1.233733032,-1.233733032,-1.233733032,2.330384615,2.330384615,1.644977376,-1.233733032,-1.233733032,2.330384615,1.644977376,2.124762443,-1.233733032,-1.233733032,1.576436652,2.673088235,3.152873303
47.66142,-122.49884,Skiff Point,24,10,2.959735974,-2.131009901,-2.19020462,2.900541254,3.137320132,-2.19020462,4.735577558,2.663762376,-2.19020462,4.913161716,-2.19020462,-2.19020462,-2.19020462,-2.19020462,-2.19020462,-2.19020462,-2.19020462,-2.19020462,-2.131009901,-2.19020462,-2.19020462,-2.19020462,-2.131009901,-2.131009901,-2.19020462,-2.131009901,-2.131009901,-2.19020462,-2.19020462,-2.19020462,-2.131009901,-2.131009901,-2.19020462,-2.19020462,-2.19020462,-2.19020462,-2.19020462,-2.19020462,-2.19020462,-2.131009901,-2.19020462,-2.131009901
47.63237,-122.37869,"Smith Cove, Terminal 91",15,10,10.40476663,4.291966236,-1.105506455,9.754468719,9.104170804,2.66622145,16.90774578,9.754468719,2.796281033,16.25744786,1.365625621,1.560714995,1.365625621,1.105506455,-1.105506455,1.755804369,2.536161867,3.836757696,2.015923535,4.356996028,-1.105506455,-1.105506455,-1.105506455,-1.105506455,-1.105506455,-1.105506455,-1.105506455,-1.105506455,-1.105506455,3.381549156,3.316519364,1.885863952,2.341072493,1.950893744,4.617115194,3.186459782,4.031847071,1.755804369,-1.105506455,3.12142999,6.047770606,4.617115194
47.17650485,-122.9046464,Squaxin Island,38,13,2.395230337,1.424191011,-1.294719101,2.265758427,2.718910112,-1.294719101,4.143101124,2.071550562,-1.294719101,4.272573034,-1.294719101,-1.294719101,-1.294719101,-1.294719101,-1.294719101,-1.294719101,1.424191011,-1.294719101,-1.294719101,-1.294719101,-1.294719101,-1.294719101,-1.294719101,-1.294719101,-1.294719101,-1.294719101,-1.294719101,-1.294719101,-1.294719101,1.553662921,1.488926966,-1.294719101,-1.294719101,-1.294719101,-1.294719101,-1.294719101,-1.294719101,-1.294719101,-1.294719101,-1.294719101,-1.294719101,1.294719101
47.7296079,-122.5506191,Suquamish Stormwater Outfall,34,10,3.093179724,1.997678571,-0.902177419,3.157620968,3.673150922,1.159942396,5.606388249,2.706532258,-0.902177419,5.284182028,-0.902177419,-0.902177419,-0.837736175,-0.837736175,-0.902177419,-0.902177419,1.868796083,0.902177419,-0.837736175,1.353266129,-0.902177419,-0.902177419,-0.837736175,-0.837736175,-0.902177419,-0.837736175,-0.837736175,-0.902177419,-0.902177419,2.319884793,2.513208525,1.67547235,1.159942396,0.902177419,1.804354839,1.159942396,1.611031106,-0.902177419,-0.902177419,1.159942396,1.611031106,1.611031106
47.259189,-122.434689,Thea Foss Waterway,46,11,4.218861829,2.466411531,-1.363016899,4.608295229,4.673200795,-1.427922465,7.139612326,4.089050696,-1.363016899,7.139612326,-1.363016899,-1.427922465,-1.363016899,-1.363016899,-1.363016899,-1.363016899,2.206789264,1.687544732,-1.363016899,2.012072565,-1.363016899,-1.363016899,-1.363016899,-1.363016899,-1.363016899,-1.363016899,-1.363016899,-1.363016899,-1.363016899,2.596222664,2.790939364,1.622639165,1.557733598,-1.363016899,2.336600398,1.752450298,2.596222664,-1.427922465,-1.363016899,1.752450298,2.596222664,1.947166998
47.44896,-122.372267,Three Tree Point,22,11,2.945576541,1.649522863,-1.296053678,2.945576541,3.063399602,-1.354965209,4.654010934,2.356461233,-1.354965209,4.418364811,-1.354965209,-1.354965209,-1.296053678,-1.296053678,-1.354965209,-1.296053678,1.944080517,-1.354965209,-1.296053678,-1.296053678,-1.296053678,-1.296053678,-1.296053678,-1.296053678,-1.354965209,-1.296053678,-1.296053678,-1.296053678,-1.296053678,2.297549702,2.474284294,1.590611332,-1.354965209,-1.354965209,1.708434394,-1.354965209,2.17972664,-1.354965209,-1.296053678,-1.296053678,1.590611332,1.47278827
48.0617,-122.2939,Tulalip Bay,67,8.2,2.465797647,1.687124706,-1.297788235,2.920023529,3.179581176,-1.297788235,4.152922353,1.946682353,-1.297788235,3.763585882,-1.297788235,-1.297788235,-1.297788235,-1.297788235,-1.297788235,-1.297788235,2.20624,-1.297788235,-1.297788235,-1.297788235,-1.297788235,-1.297788235,-1.297788235,-1.297788235,-1.297788235,-1.297788235,-1.232898824,-1.297788235,-1.297788235,2.465797647,2.530687059,1.687124706,-1.297788235,-1.297788235,1.622235294,-1.297788235,1.881792941,-1.297788235,-1.297788235,-1.297788235,1.427567059,-1.297788235
48.0697859,-122.2997764,Tulalip Reservation,70,8.2,1.768538136,1.179025424,-1.00217161,1.945391949,2.00434322,-1.00217161,2.770709746,1.237976695,-1.00217161,2.47595339,-1.00217161,-1.00217161,-1.00217161,-1.00217161,-1.00217161,-1.00217161,1.591684322,-1.00217161,-1.00217161,-1.00217161,-1.00217161,-1.00217161,-1.00217161,-1.00217161,-1.00217161,-1.00217161,-1.00217161,-1.00217161,-1.00217161,1.768538136,1.886440678,1.237976695,-1.00217161,-1.00217161,1.179025424,-1.00217161,1.709586864,-1.00217161,-1.00217161,-1.00217161,-1.00217161,-1.00217161
47.052362,-122.910912,West Bay Park,73,13,4.184135834,2.227040041,-1.552179422,3.846705525,4.454080081,-1.552179422,6.748606183,3.374303092,-1.552179422,6.478661936,-1.552179422,-1.552179422,-1.552179422,-1.552179422,-1.552179422,-1.552179422,1.889609731,-1.552179422,-1.552179422,-1.552179422,-1.552179422,-1.552179422,-1.552179422,-1.552179422,-1.552179422,-1.552179422,-1.552179422,-1.552179422,-1.552179422,2.024581855,2.159553979,-1.552179422,-1.552179422,-1.552179422,2.024581855,-1.552179422,2.429498226,-1.552179422,-1.552179422,-1.552179422,2.159553979,2.496984288
47.66586,-122.56698,Williams Olson Park,26,10,3.494535452,1.747267726,-1.325513447,3.012530562,3.615036675,-1.385764059,5.844309291,2.89202934,-1.325513447,5.844309291,-1.325513447,-1.385764059,-1.325513447,-1.325513447,-1.325513447,-1.325513447,1.566515892,-1.325513447,-1.325513447,1.687017115,-1.325513447,-1.325513447,-1.325513447,-1.325513447,-1.325513447,-1.325513447,-1.325513447,-1.325513447,-1.325513447,1.807518337,1.626766504,-1.325513447,-1.325513447,-1.325513447,1.687017115,-1.325513447,1.566515892,-1.385764059,-1.325513447,-1.325513447,1.807518337,1.988270171