"site_name","latitude","longitude","1-methylnaphthalene","1-methylphenanthrene","1_7-dimethylphenanthrene","2-methylnaphthalene","235-trimethylnaphthalene","26-dimethylnaphthalene","3-methylphenanthrene","9-methylphenanthrene","Retene","z_1-methylnaphthalene","z_1-methylphenanthrene","z_1_7-dimethylphenanthrene","z_2-methylnaphthalene","z_235-trimethylnaphthalene","z_26-dimethylnaphthalene","z_3-methylphenanthrene","z_9-methylphenanthrene","z_Retene","ai_z_1-methylnaphthalene","ai_z_1-methylphenanthrene","ai_z_1_7-dimethylphenanthrene","ai_z_2-methylnaphthalene","ai_z_235-trimethylnaphthalene","ai_z_26-dimethylnaphthalene","ai_z_3-methylphenanthrene","ai_z_9-methylphenanthrene","ai_z_Retene","pah_add_index"
"Aiston Preserve",48.6793778,-122.6300583,0,0,0,0,0,0,0,0,1.5,-0.19145262603967,-0.399678272591293,-0.699229580004615,-0.397009613610466,-0.181678694288547,-0.239741722128221,-0.39637453050775,-0.301703670812341,-1.14956039239194,0.997410469865908,0,0,1.02905319506303,0,0,0.0745064906969454,0,0.0381491280661042,2.13911928369199
"Arroyo Beach",47.50159,-122.38577,0,0.84,1.5,0,0,0,1.2,0.68,7,-0.19145262603967,-0.134125317800622,0.0379396426597949,-0.397009613610466,-0.181678694288547,-0.239741722128221,-0.193175010425171,-0.156035894504196,0.948641651243788,0.997410469865908,0.265552954790671,0.73716922266441,1.02905319506303,0,0,0.128693029385633,0.145667776308145,2.06005291556962,5.36359956364742
"Blair Waterway",47.2758,-122.4174,0,2.1,2.7,0,0,0.83,2,1.5,13,-0.19145262603967,0.264204114385385,0.627675020791323,-0.397009613610466,-0.181678694288547,0.4165433351489,-0.0577086637034523,0.0196223063379795,3.23758933521003,0.997410469865908,0.663882386976679,1.32690460079594,1.02905319506303,0,0.656285057277121,0.264159376107352,0.32132597715032,4.34900059953587,9.60802166277222
"Blair Waterway Two",47.2632,-122.3856,0,1.6,3,0,0,0,2.1,1.6,6.7,-0.19145262603967,0.106136879390938,0.775108865324205,-0.397009613610466,-0.181678694288547,-0.239741722128221,-0.0407753703632374,0.0410440381480009,0.834194267045476,0.997410469865908,0.505815151982231,1.47433844532882,1.02905319506303,0,0,0.281092669447567,0.342747708960342,1.94560553137131,6.57606317201921
"Brackenwood Ln",47.68203,-122.50668,0,0.85,1.4,0,0,0,1.3,0.68,5.9,-0.19145262603967,-0.130963973100733,-0.0112049721844991,-0.397009613610466,-0.181678694288547,-0.239741722128221,-0.176241717084956,-0.156035894504196,0.529001242516643,0.997410469865908,0.26871429949056,0.688024607820116,1.02905319506303,0,0,0.145626322725848,0.145667776308145,1.64041250684248,4.91490917811609
"Broad Spit",47.80934,-122.81556,0,0,0,0,0,0,0,0,2.3,-0.19145262603967,-0.399678272591293,-0.699229580004615,-0.397009613610466,-0.181678694288547,-0.239741722128221,-0.39637453050775,-0.301703670812341,-0.844367367863105,0.997410469865908,0,0,1.02905319506303,0,0,0.0745064906969454,0,0.267043896462729,2.36801405208862
"Browns Point Lighthouse",47.304906,-122.44427,0,1.2,1.4,0.61,0,0,1.2,0.79,5.7,-0.19145262603967,-0.0203169086046197,-0.0112049721844991,0.418214346114795,-0.181678694288547,-0.239741722128221,-0.193175010425171,-0.132471989513172,0.452702986384435,0.997410469865908,0.379361363986673,0.688024607820116,0.213829235337773,0,0,0.128693029385633,0.169231681299169,1.56411425071027,4.14066463840554
"Cap Sante",48.52093,-122.600725,0,0,0,0,0,0,0.8,0,1.9,-0.19145262603967,-0.399678272591293,-0.699229580004615,-0.397009613610466,-0.181678694288547,-0.239741722128221,-0.260908183786031,-0.301703670812341,-0.996963880127521,0.997410469865908,0,0,1.02905319506303,0,0,0.0609598560247736,0,0.114447384198312,2.20187090515203
"Chambers Bay Park",47.2009,-122.58342,0,0,0.66,0.5,0,0,0.55,0,3.9,-0.19145262603967,-0.399678272591293,-0.374875122032275,0.271206746820076,-0.181678694288547,-0.239741722128221,-0.303241417136568,-0.301703670812341,-0.233981318805439,0.997410469865908,0,0.32435445797234,0.360836834632492,0,0,0.0186266226742364,0,0.877429945520394,2.57865833066537
"Cherry Point Aquatic Reserve, Conoco Phillips",48.820783,-122.710133,0,0,0,0,0,0,0.96,0,2.5,-0.19145262603967,-0.399678272591293,-0.699229580004615,-0.397009613610466,-0.181678694288547,-0.239741722128221,-0.233814914441687,-0.301703670812341,-0.768069111730896,0.997410469865908,0,0,1.02905319506303,0,0,0.0880531253691173,0,0.343342152594937,2.457858942893
"Chimacum Creek delta",48.04887,-122.7711,0,0,0,0,0,0,0.66,0,3.4,-0.19145262603967,-0.399678272591293,-0.699229580004615,-0.397009613610466,-0.181678694288547,-0.239741722128221,-0.284614794462331,-0.301703670812341,-0.42472695913596,0.997410469865908,0,0,1.02905319506303,0,0,0.0372532453484727,0,0.686684305189874,2.75040121546729
"Chuckanut, Clark's Point",48.691084,-122.504012,0,0,0.62,0,0,0,0.71,0,9,-0.19145262603967,-0.399678272591293,-0.394532967969992,-0.397009613610466,-0.181678694288547,-0.239741722128221,-0.276148147792224,-0.301703670812341,1.71162421256587,0.997410469865908,0,0.304696612034623,1.02905319506303,0,0,0.0457198920185801,0,2.8230354768917,5.19991564587385
"Commencement Bay Skookum",47.28915,-122.4096,0,1.3,1.9,0,0,0,1.6,1.2,7.5,-0.19145262603967,0.0112965383942698,0.234518102036971,-0.397009613610466,-0.181678694288547,-0.239741722128221,-0.125441837064312,-0.0446428890920845,1.13938729157431,0.997410469865908,0.410974810985563,0.933747682041586,1.02905319506303,0,0,0.196426202746492,0.257060781720256,2.25079855590014,6.07547169832298
"Commencement Bay, Dick Gilmur Launch",47.2925,-122.4122,0,1.3,1.5,1,0,0,1.7,1.3,5.1,-0.19145262603967,0.0112965383942698,0.0379396426597949,0.939423107250617,-0.181678694288547,-0.239741722128221,-0.108508543724097,-0.0232211572820632,0.22380821798781,0.997410469865908,0.410974810985563,0.73716922266441,0.307379525798049,0,0,0.213359496086707,0.278482513530278,1.33521948231364,4.27999552124456
"Commencement Bay, Milwaukee Waterway",47.2694,-122.4243,0,1.3,1.5,0.81,0,0,1.3,0.82,7.3,-0.19145262603967,0.0112965383942698,0.0379396426597949,0.685500890287011,-0.181678694288547,-0.239741722128221,-0.176241717084956,-0.126045469970166,1.0630890354421,0.997410469865908,0.410974810985563,0.73716922266441,0.0534573088344434,0,0,0.145626322725848,0.175658200842175,2.17450029976793,4.69479663568628
"Des Moines Marina",47.402778,-122.331667,4.3,23,11,5.7,4,9.7,43,34,6.5,7.9007455257026,6.87141453715328,4.70667805286772,7.2206568952977,7.95318821415387,7.43009569424295,6.88494160578464,6.98168514459492,0.757896010913268,7.09478768187636,7.27109280974457,5.40590763287234,6.58861331384514,8.13486690844242,7.66983741637117,7.20680964559545,7.28338881540726,1.8693072752391,58.5246114993938
"Discovery Bay",48.064974,-122.857218,0,0.62,1.3,0,0,0,1.1,0.49,5.2,-0.19145262603967,-0.203674901198179,-0.060349587028793,-0.397009613610466,-0.181678694288547,-0.239741722128221,-0.210108303765386,-0.196737184943236,0.261957346053914,0.997410469865908,0.196003371393115,0.638879992975822,1.02905319506303,0,0,0.111759736045418,0.104966485869105,1.37336861037975,4.45144186159215
"Donkey Creek Delta",47.337909,-122.59023,0,0.67,0.85,0.62,0,0,1,0.57,2.9,-0.19145262603967,-0.187868177698734,-0.281500353828116,0.431578673323406,-0.181678694288547,-0.239741722128221,-0.227041597105601,-0.179599799495219,-0.61547259946648,0.997410469865908,0.211810094892559,0.417729226176499,0.200464908129162,0,0,0.0948264427052033,0.122103871317122,0.495938664859353,2.54028367794581
"Eagle Harbor Dr",47.618875,-122.527234,0,1,1.3,0.65,0,0,1.8,1,2.7,-0.19145262603967,-0.0835438026023986,-0.060349587028793,0.471671654949238,-0.181678694288547,-0.239741722128221,-0.091575250383882,-0.0874863527121272,-0.691770855598688,0.997410469865908,0.316134469988895,0.638879992975822,0.16037192650333,0,0,0.230292789426922,0.214217318100214,0.419640408727145,2.97694737558824
"Eastsound, Fishing Bay",48.69395,-122.909933,0,0.81,1.3,0,0,0,1.7,0.75,4.1,-0.19145262603967,-0.143609351900289,-0.060349587028793,-0.397009613610466,-0.181678694288547,-0.239741722128221,-0.108508543724097,-0.141040682237181,-0.157683062673231,0.997410469865908,0.256068920691005,0.638879992975822,1.02905319506303,0,0,0.213359496086707,0.16066298857516,0.953728201652603,4.24916326491024
"Edmonds Ferry",47.8142069,-122.3822018,0,0.96,1.4,0,0,0,1.3,0.77,9.5,-0.19145262603967,-0.0961891814019544,-0.0112049721844991,-0.397009613610466,-0.181678694288547,-0.239741722128221,-0.176241717084956,-0.136756335875176,1.90236985289639,0.997410469865908,0.303489091189339,0.688024607820116,1.02905319506303,0,0,0.145626322725848,0.164947334937164,3.01378111722222,6.34233213882363
"Edmonds Marina",47.81094,-122.387955,0,1.1,1.4,0,0,0,1.8,1,4.9,-0.19145262603967,-0.0519303556035091,-0.0112049721844991,-0.397009613610466,-0.181678694288547,-0.239741722128221,-0.091575250383882,-0.0874863527121272,0.147509961855602,0.997410469865908,0.347747916987784,0.688024607820116,1.02905319506303,0,0,0.230292789426922,0.214217318100214,1.25892122618144,4.76566752344541
"Eld Inlet",47.0769,-123.0034725,0,0.53,0.81,0,0,0,0.73,0,3.5,-0.19145262603967,-0.232127003497179,-0.301158199765834,-0.397009613610466,-0.181678694288547,-0.239741722128221,-0.272761489124181,-0.301703670812341,-0.386577831069855,0.997410469865908,0.167551269094114,0.398071380238781,1.02905319506303,0,0,0.0491065506866231,0,0.724833433255978,3.36602629820444
"Elliot Bay Myrtle Edwards",47.62052,-122.36373,1.1,13,10,2,0.81,2.1,27,19,7.9,1.87864457556882,3.71006983726434,4.21523190442478,2.2758558281117,1.46563185467104,1.42073854327172,4.17561467135026,3.76842537309172,1.29198380383873,1.07268673174258,4.10974810985563,4.9144614844294,1.64381224665913,1.64731054895959,1.66048026539994,4.49748271116107,4.07012904390406,2.40339506816456,26.019506210276
"Elliott Bay, Harbor Island, Pier 17",47.5876989,-122.3505105,0,4.4,5.1,1.1,0,0.94,7.4,5.7,9.1,-0.19145262603967,0.991313395359843,1.80714577705438,1.07306637933673,-0.181678694288547,0.503520872860326,0.85668917666815,0.919335042358877,1.74977334063197,0.997410469865908,1.39099166795114,2.50637535705899,0.441022797884157,0,0.743262594988547,1.17855721647895,1.22103871317122,2.86118460495781,11.3398434223567
"Everett Harbor",47.97252,-122.22982,0,0,0,0,0,0,1.1,0,4.8,-0.19145262603967,-0.399678272591293,-0.699229580004615,-0.397009613610466,-0.181678694288547,-0.239741722128221,-0.210108303765386,-0.301703670812341,0.109360833789498,0.997410469865908,0,0,1.02905319506303,0,0,0.111759736045418,0,1.22077209811533,3.35899549908969
"Fidalgo Bay Aq Reserve, Weaverling Spit",48.48425,-122.58392,0,0,1.2,0,0,0,1.5,0,2.2,-0.19145262603967,-0.399678272591293,-0.109494201873087,-0.397009613610466,-0.181678694288547,-0.239741722128221,-0.142375130404527,-0.301703670812341,-0.882516495929209,0.997410469865908,0,0.589735378131528,1.02905319506303,0,0,0.179492909406278,0,0.228894768396625,3.02458672086337
"Filucy Bay",47.19483,-122.748665,0,0,0,0,0,0,0.58,0,2.7,-0.19145262603967,-0.399678272591293,-0.699229580004615,-0.397009613610466,-0.181678694288547,-0.239741722128221,-0.298161429134503,-0.301703670812341,-0.691770855598688,0.997410469865908,0,0,1.02905319506303,0,0,0.0237066106763009,0,0.419640408727145,2.46981068433239
"Friday Harbor",48.5069444,-123.0194444,0,0.85,1.1,0,0,0,1.7,0.89,2.8,-0.19145262603967,-0.130963973100733,-0.158638816717381,-0.397009613610466,-0.181678694288547,-0.239741722128221,-0.108508543724097,-0.111050257703151,-0.653621727532584,0.997410469865908,0.26871429949056,0.540590763287234,1.02905319506303,0,0,0.213359496086707,0.19065341310919,0.457789536793249,3.69757117369588
"Gig Harbor Boat Launch",47.3372,-122.58284,0,0.7,0.84,0,0,0,1.2,0,2.6,-0.19145262603967,-0.178384143599067,-0.286414815312545,-0.397009613610466,-0.181678694288547,-0.239741722128221,-0.193175010425171,-0.301703670812341,-0.729919983664792,0.997410469865908,0.221294128992226,0.412814764692069,1.02905319506303,0,0,0.128693029385633,0,0.381491280661041,3.17075686865991
"Hood Canal Holly",47.570193,-122.971775,0,0,0,0,0,4.5,0,0,1.4,-0.19145262603967,-0.399678272591293,-0.699229580004615,-0.397009613610466,-0.181678694288547,3.31843027515737,-0.39637453050775,-0.301703670812341,-1.18770952045804,0.997410469865908,0,0,1.02905319506303,0,3.5581719972856,0.0745064906969454,0,0.0762982561322083,5.73544040904369
"Jamestown",48.027069,-122.999191,0,0,0,0,0,0,0,0,1.5,-0.19145262603967,-0.399678272591293,-0.699229580004615,-0.397009613610466,-0.181678694288547,-0.239741722128221,-0.39637453050775,-0.301703670812341,-1.14956039239194,0.997410469865908,0,0,1.02905319506303,0,0,0.0745064906969454,0,0.0381491280661042,2.13911928369199
"Kingston Marina",47.7947,-122.5003,0,2.7,0.54,0.52,0,0,0.86,0,2.4,-0.19145262603967,0.453884796378722,-0.433848659845427,0.297935401237297,-0.181678694288547,-0.239741722128221,-0.250748207781902,-0.301703670812341,-0.806218239797001,0.997410469865908,0.853563068970015,0.265380920159188,0.334108180215271,0,0,0.0711198320289024,0,0.305193024528833,2.82677549576812
"Kitsap St Boat Launch",47.541533,-122.640383,0,1.5,2.7,0,0,0.6,2.2,1.4,5.9,-0.19145262603967,0.0745234323920487,0.627675020791323,-0.397009613610466,-0.181678694288547,0.234681210843192,-0.0238420770230225,-0.00179942547204183,0.529001242516643,0.997410469865908,0.474201704983342,1.32690460079594,1.02905319506303,0,0.474422932971413,0.298025962787782,0.299904245340299,1.64041250684248,6.54033561865019
"Kopachuck State Park",47.3115,-122.68725,0,0,0.5,0,0,0,0.51,0,2.1,-0.19145262603967,-0.399678272591293,-0.453506505783145,-0.397009613610466,-0.181678694288547,-0.239741722128221,-0.310014734472654,-0.301703670812341,-0.920665623995313,0.997410469865908,0,0.24572307422147,1.02905319506303,0,0,0.0118533053381504,0,0.190745640330521,2.47478568481908
"Lions Park",47.583016,-122.64217,0,0,0.84,0,0,0,0.82,0,2.6,-0.19145262603967,-0.399678272591293,-0.286414815312545,-0.397009613610466,-0.181678694288547,-0.239741722128221,-0.257521525117988,-0.301703670812341,-0.729919983664792,0.997410469865908,0,0.412814764692069,1.02905319506303,0,0,0.0643465146928165,0,0.381491280661041,2.88511622497487
"Locust Beach",48.76652,-122.5395,0,0,0,0,0,0,0,0,5.5,-0.19145262603967,-0.399678272591293,-0.699229580004615,-0.397009613610466,-0.181678694288547,-0.239741722128221,-0.39637453050775,-0.301703670812341,0.376404730252227,0.997410469865908,0,0,1.02905319506303,0,0,0.0745064906969454,0,1.48781599457806,3.58878615020395
"Madrona Pont",47.579985,-122.67853,0,0,0.83,0,0,0,0.82,0,2.6,-0.19145262603967,-0.399678272591293,-0.291329276796975,-0.397009613610466,-0.181678694288547,-0.239741722128221,-0.257521525117988,-0.301703670812341,-0.729919983664792,0.997410469865908,0,0.40790030320764,1.02905319506303,0,0,0.0643465146928165,0,0.381491280661041,2.88020176349044
"Manchester, Stormwater Outfall",47.556111,-122.542778,0,0.65,0.81,0.6,0,0,0.99,0,2.9,-0.19145262603967,-0.194190867098512,-0.301158199765834,0.404850018906184,-0.181678694288547,-0.239741722128221,-0.228734926439622,-0.301703670812341,-0.61547259946648,0.997410469865908,0.205487405492781,0.398071380238781,0.227193562546384,0,0,0.0931331133711818,0,0.495938664859353,2.41723459637439
"Maple Hollow Park",47.29954,-122.74554,0,0,0.61,0.55,0,0,0.56,0,3.3,-0.19145262603967,-0.399678272591293,-0.399447429454422,0.33802838286313,-0.181678694288547,-0.239741722128221,-0.301548087802546,-0.301703670812341,-0.462876087202064,0.997410469865908,0,0.299782150550193,0.294015198589438,0,0,0.0203199520082579,0,0.64853517712377,2.26006294813757
"Maristone Island",48.018181,-122.699838,0,0,0,0,0,0,0,0,1.4,-0.19145262603967,-0.399678272591293,-0.699229580004615,-0.397009613610466,-0.181678694288547,-0.239741722128221,-0.39637453050775,-0.301703670812341,-1.18770952045804,0.997410469865908,0,0,1.02905319506303,0,0,0.0745064906969454,0,0.0762982561322083,2.1772684117581
"Meyer's Point, Henderson Inlet",47.117944,-122.833528,0,0,0,0,0,0,0,0,2.1,-0.19145262603967,-0.399678272591293,-0.699229580004615,-0.397009613610466,-0.181678694288547,-0.239741722128221,-0.39637453050775,-0.301703670812341,-0.920665623995313,0.997410469865908,0,0,1.02905319506303,0,0,0.0745064906969454,0,0.190745640330521,2.29171579595641
"Miller Creek",47.443611,-122.361944,0,0.62,1,0.58,0,0,0.84,0,4.4,-0.19145262603967,-0.203674901198179,-0.207783431561675,0.378121364488962,-0.181678694288547,-0.239741722128221,-0.254134866449945,-0.301703670812341,-0.0432356784749183,0.997410469865908,0.196003371393115,0.49144614844294,0.253922216963606,0,0,0.0677331733608594,0,1.06817558585091,3.07469096587734
"Minter Bay",47.35399,-122.69176,0,0,0,0,0,0,0.59,0,2.5,-0.19145262603967,-0.399678272591293,-0.699229580004615,-0.397009613610466,-0.181678694288547,-0.239741722128221,-0.296468099800482,-0.301703670812341,-0.768069111730896,0.997410469865908,0,0,1.02905319506303,0,0,0.0253999400103223,0,0.343342152594937,2.3952057575342
"Mukilteo",47.949831,-122.301703,0,0.77,0.96,0,0,0,1.2,0,5.3,-0.19145262603967,-0.156254730699844,-0.227441277499393,-0.397009613610466,-0.181678694288547,-0.239741722128221,-0.193175010425171,-0.301703670812341,0.300106474120018,0.997410469865908,0.243423541891449,0.471788302505222,1.02905319506303,0,0,0.128693029385633,0,1.41151773844585,4.2818862771571
"N Avenue Park",48.52108,-122.61531,0,3.9,5.7,0,1.1,1.1,7.9,5.4,5,-0.19145262603967,0.833246160365396,2.10201346612014,-0.397009613610466,2.05540970553312,0.630033654986036,0.941355643369225,0.855069846928812,0.185659089921706,0.997410469865908,1.23292443295669,2.80124304612476,1.02905319506303,2.23708839982167,0.869775377114257,1.26322368318003,1.15677351774115,1.29707035424754,12.884562476115
"North Camano",48.25523,-122.50817,0,0,0.69,0,0,0,0.7,0,5.7,-0.19145262603967,-0.399678272591293,-0.360131737578986,-0.397009613610466,-0.181678694288547,-0.239741722128221,-0.277841477126246,-0.301703670812341,0.452702986384435,0.997410469865908,0,0.339097842425628,1.02905319506303,0,0,0.0440265626845587,0,1.56411425071027,3.9737023207494
"Oak Bay County Park",48.022466,-122.728123,0,0,0,0,0,0,0,0,1.6,-0.19145262603967,-0.399678272591293,-0.699229580004615,-0.397009613610466,-0.181678694288547,-0.239741722128221,-0.39637453050775,-0.301703670812341,-1.11141126432583,0.997410469865908,0,0,1.02905319506303,0,0,0.0745064906969454,0,0,2.10097015562589
"Penn Cove Baseline",48.218047,-122.712359,0.53,0,0,0.77,0,0,0.44,0,1.6,0.805957843826238,-0.399678272591293,-0.699229580004615,0.632043581452568,-0.181678694288547,-0.239741722128221,-0.321868039810804,-0.301703670812341,-1.11141126432583,0,0,0,0,0,0,0,0,0,0
"Penn Cove Reference",48.214071,-122.719097,0,0,0.56,0,0,0,0.61,0,3.3,-0.19145262603967,-0.399678272591293,-0.424019736876569,-0.397009613610466,-0.181678694288547,-0.239741722128221,-0.293081441132439,-0.301703670812341,-0.462876087202064,0.997410469865908,0,0.275209843128046,1.02905319506303,0,0,0.0287865986783652,0,0.64853517712377,2.97899528385912
"Penrose Point State Park",47.2609094,-122.7447771,0,0,0.69,0.58,0,0,0.64,0,2.8,-0.19145262603967,-0.399678272591293,-0.360131737578986,0.378121364488962,-0.181678694288547,-0.239741722128221,-0.288001453130374,-0.301703670812341,-0.653621727532584,0.997410469865908,0,0.339097842425628,0.253922216963606,0,0,0.0338665866804297,0,0.457789536793249,2.08208665272882
"Point Defiance Ferry",47.3061098,-122.514771,0,1.4,1.4,0.73,0,0,2.3,1.6,3.9,-0.19145262603967,0.0429099853931592,-0.0112049721844991,0.578586272618125,-0.181678694288547,-0.239741722128221,-0.00690878368280773,0.0410440381480009,-0.233981318805439,0.997410469865908,0.442588257984452,0.688024607820116,0.0534573088344433,0,0,0.314959256127996,0.342747708960342,0.877429945520394,3.71661755511365
"Port Angeles Yacht Club",48.128267,-123.457133,0,2.7,3.4,0,0,0.61,4.7,3.1,15,-0.19145262603967,0.453884796378722,0.971687324701381,-0.397009613610466,-0.181678694288547,0.242588259726049,0.399490256482349,0.362370015298321,4.00057189653212,0.997410469865908,0.853563068970015,1.670916904706,1.02905319506303,0,0.48232998185427,0.721358296293153,0.664073686110662,5.11198316085795,11.530688763721
"Purdy, Dexters",47.385334,-122.628902,0,0,0,0,0,0,0.59,0,2.8,-0.19145262603967,-0.399678272591293,-0.699229580004615,-0.397009613610466,-0.181678694288547,-0.239741722128221,-0.296468099800482,-0.301703670812341,-0.653621727532584,0.997410469865908,0,0,1.02905319506303,0,0,0.0253999400103223,0,0.457789536793249,2.50965314173251
"Purdy, Burley Lagoon",47.387021,-122.6367,0,0,0,0,0,0,0.72,0,3.1,-0.19145262603967,-0.399678272591293,-0.699229580004615,-0.397009613610466,-0.181678694288547,-0.239741722128221,-0.274454818458203,-0.301703670812341,-0.539174343334272,0.997410469865908,0,0,1.02905319506303,0,0,0.0474132213526016,0,0.572236920991562,2.6461138072731
"Raft Island Park",47.32622,-122.66715,0,0,0,0,0,0,0,0,1.5,-0.19145262603967,-0.399678272591293,-0.699229580004615,-0.397009613610466,-0.181678694288547,-0.239741722128221,-0.39637453050775,-0.301703670812341,-1.14956039239194,0.997410469865908,0,0,1.02905319506303,0,0,0.0745064906969454,0,0.0381491280661042,2.13911928369199
"Reach Island",47.346817,-122.822363,0,0.58,1.1,0,0,0,0.69,0,5.8,-0.19145262603967,-0.216320279997734,-0.158638816717381,-0.397009613610466,-0.181678694288547,-0.239741722128221,-0.279534806460267,-0.301703670812341,0.490852114450539,0.997410469865908,0.183357992593559,0.540590763287234,1.02905319506303,0,0,0.0423332333505372,0,1.60226337877637,4.39500903293664
"Rich Passage",47.578117,-122.524833,0,0.65,0.87,0.74,0,0,0.97,0,2.9,-0.19145262603967,-0.194190867098512,-0.271671430859257,0.591950599826735,-0.181678694288547,-0.239741722128221,-0.232121585107665,-0.301703670812341,-0.61547259946648,0.997410469865908,0.205487405492781,0.427558149145358,0.0400929816258325,0,0,0.0897464547031388,0,0.495938664859353,2.25623412569237
"Rocky Point",47.60253,-122.66991,0,0.69,1.3,0,0,0,0.99,0.51,4.2,-0.19145262603967,-0.181545488298956,-0.060349587028793,-0.397009613610466,-0.181678694288547,-0.239741722128221,-0.228734926439622,-0.192452838581232,-0.119533934607127,0.997410469865908,0.218132784292337,0.638879992975822,1.02905319506303,0,0,0.0931331133711818,0.109250832231109,0.991877329718707,4.0777377175181
"South of Skunk Island",48.02655,-122.75089,0,0.67,0.91,0,0,0,0.98,0,3.3,-0.19145262603967,-0.187868177698734,-0.25201358492154,-0.397009613610466,-0.181678694288547,-0.239741722128221,-0.230428255773644,-0.301703670812341,-0.462876087202064,0.997410469865908,0.211810094892559,0.447215995083075,1.02905319506303,0,0,0.0914397840371603,0,0.64853517712377,3.42546471606551
"Salmon Bay, Commodore Park",47.666244,-122.401894,0,0.76,1.3,0,0,0,1.3,0.89,5.5,-0.19145262603967,-0.159416075399733,-0.060349587028793,-0.397009613610466,-0.181678694288547,-0.239741722128221,-0.176241717084956,-0.111050257703151,0.376404730252227,0.997410469865908,0.24026219719156,0.638879992975822,1.02905319506303,0,0,0.145626322725848,0.19065341310919,1.48781599457806,4.72970158550942
"Salmon Beach",47.294692,-122.530504,0,0,1.3,0,0,0,1.2,0,4.6,-0.19145262603967,-0.399678272591293,-0.060349587028793,-0.397009613610466,-0.181678694288547,-0.239741722128221,-0.193175010425171,-0.301703670812341,0.0330625776572896,0.997410469865908,0,0.638879992975822,1.02905319506303,0,0,0.128693029385633,0,1.14447384198312,3.93851052927352
"Seattle Aquarium, Pier 59",47.607334,-122.344055,0,3.9,4.1,0.7,0,0.86,6.1,5.1,6.7,-0.19145262603967,0.833246160365396,1.31569962861144,0.538493290992292,-0.181678694288547,0.440264481797471,0.636556363245357,0.790804651498748,0.834194267045476,0.997410469865908,1.23292443295669,2.01492920861605,0.0935502904602759,0,0.680006203925692,0.958424403056161,1.09250832231109,1.94560553137131,9.01535886256318
"Shilshole Bay",47.6707,-122.40605,0,1.6,2,0.86,0,0,3,1.8,6.5,-0.19145262603967,0.106136879390938,0.283662716881265,0.752322526330065,-0.181678694288547,-0.239741722128221,0.111624269698696,0.0838875017680436,0.757896010913268,0.997410469865908,0.505815151982231,0.98289229688588,0.120278944877497,0,0,0.433492309509501,0.385591172580384,1.8693072752391,5.2947876209405
"Silverdale, Dyes Inlet",47.6428,-122.6967,0,0.61,0.83,0.59,0,0,0.99,0,2.9,-0.19145262603967,-0.206836245898067,-0.291329276796975,0.391485691697573,-0.181678694288547,-0.239741722128221,-0.228734926439622,-0.301703670812341,-0.61547259946648,0.997410469865908,0.192842026693226,0.40790030320764,0.240557889754995,0,0,0.0931331133711818,0,0.495938664859353,2.4277824677523
"Skiff Point",47.6614139,-122.498892,0,0.96,1.6,0,0,0,1.4,0,5.3,-0.19145262603967,-0.0961891814019544,0.087084257504089,-0.397009613610466,-0.181678694288547,-0.239741722128221,-0.159308423744741,-0.301703670812341,0.300106474120018,0.997410469865908,0.303489091189339,0.786313837508704,1.02905319506303,0,0,0.162559616066063,0,1.41151773844585,4.6903439481389
"Smith Cove, Terminal 91",47.6325,-122.3786,1.2,7.8,8,1.4,0.79,1.5,12,11,9,2.0668352302605,2.06617059332208,3.2323396075389,1.47399619559505,1.42495752012883,0.946315610300311,1.63562067031803,2.05468682829001,1.71162421256587,1.26087738643426,2.46584886591338,3.93156918754352,0.841952614142482,1.60663621441738,1.18605733242853,1.95748871012884,2.35639049910235,2.8230354768917,18.4298562870024
"Squaxin Island",47.176735,-122.905337,0,0.43,0.75,0,0,0,0.61,0,3.5,-0.19145262603967,-0.263740450496068,-0.33064496867241,-0.397009613610466,-0.181678694288547,-0.239741722128221,-0.293081441132439,-0.301703670812341,-0.386577831069855,0.997410469865908,0.135937822095225,0.368584611332205,1.02905319506303,0,0,0.0287865986783652,0,0.724833433255978,3.28460613029071
"Suquamish Stormwater Outfall",47.729875,-122.550882,0.5,0.75,0.95,0.67,0,0,1.2,0.59,2.8,0.749500647418734,-0.162577420099622,-0.232355738983822,0.49840030936646,-0.181678694288547,-0.239741722128221,-0.193175010425171,-0.175315453133215,-0.653621727532584,0.0564571964075044,0.237100852491671,0.466873841020793,0.133643272086108,0,0,0.128693029385633,0.126388217679126,0.457789536793249,1.60694594586408
"Thea Foss Waterway",47.25934,-122.43479,0,1.6,2.3,0,0,0,2.1,1.5,6.8,-0.19145262603967,0.106136879390938,0.431096561414147,-0.397009613610466,-0.181678694288547,-0.239741722128221,-0.0407753703632374,0.0196223063379795,0.87234339511158,0.997410469865908,0.505815151982231,1.13032614141876,1.02905319506303,0,0,0.281092669447567,0.32132597715032,1.98375465943741,6.24877826436524
"Three Tree Point",47.4485721,-122.3723967,0,0,1.1,0,0,0,0.96,0,4.1,-0.19145262603967,-0.399678272591293,-0.158638816717381,-0.397009613610466,-0.181678694288547,-0.239741722128221,-0.233814914441687,-0.301703670812341,-0.157683062673231,0.997410469865908,0,0.540590763287234,1.02905319506303,0,0,0.0880531253691173,0,0.953728201652603,3.6088357552379
"Tulalip Bay",48.0616613,-122.293939,0,0.79,0.89,0,0,0,1.2,0,4.9,-0.19145262603967,-0.149932041300066,-0.261842507890398,-0.397009613610466,-0.181678694288547,-0.239741722128221,-0.193175010425171,-0.301703670812341,0.147509961855602,0.997410469865908,0.249746231291227,0.437387072114217,1.02905319506303,0,0,0.128693029385633,0,1.25892122618144,4.10121122390145
"Tulalip Reservation",48.069978,-122.300216,0,0,0.73,0,0,0,1,0,3.1,-0.19145262603967,-0.399678272591293,-0.340473891641269,-0.397009613610466,-0.181678694288547,-0.239741722128221,-0.227041597105601,-0.301703670812341,-0.539174343334272,0.997410469865908,0,0.358755688363346,1.02905319506303,0,0,0.0948264427052033,0,0.572236920991562,3.05228271698905
"West Bay Park",47.052373,-122.9101963,0,0,0.7,0,0,0,0.9,0,7.6,-0.19145262603967,-0.399678272591293,-0.355217276094557,-0.397009613610466,-0.181678694288547,-0.239741722128221,-0.243974890445816,-0.301703670812341,1.17753641964041,0.997410469865908,0,0.344012303910058,1.02905319506303,0,0,0.0778931493649884,0,2.28894768396625,4.73731680217023
"Williams Olson Park",47.6609,-122.5668,0,0.66,0.97,0,0,0,0.99,0,2.7,-0.19145262603967,-0.191029522398623,-0.222526816014963,-0.397009613610466,-0.181678694288547,-0.239741722128221,-0.228734926439622,-0.301703670812341,-0.691770855598688,0.997410469865908,0.20864875019267,0.476702763989652,1.02905319506303,0,0,0.0931331133711818,0,0.419640408727145,3.22458870120959
