"site_name","latitude","longitude","acenaphthene","acenaphthylene","C1-dibenzothiophenes","C1-fluorenes","C1-naphthalenes","C1-phenanthrenes_anthracenes","C2-dibenzothiophenes","C2-fluorenes","C2-naphthalenes","C2-phenanthrenes_anthracenes","C3-dibenzothiophenes","C3-fluorenes","C3-naphthalenes","C3-phenanthrenes_anthracenes","C4-dibenzothiophenes","C4-naphthalenes","C4-phenanthrenes_anthracenes","dibenzothiophene","fluorene","naphthalene","phenanthrene","z_acenaphthene","z_acenaphthylene","z_C1-dibenzothiophenes","z_C1-fluorenes","z_C1-naphthalenes","z_C1-phenanthrenes_anthracenes","z_C2-dibenzothiophenes","z_C2-fluorenes","z_C2-naphthalenes","z_C2-phenanthrenes_anthracenes","z_C3-dibenzothiophenes","z_C3-fluorenes","z_C3-naphthalenes","z_C3-phenanthrenes_anthracenes","z_C4-dibenzothiophenes","z_C4-naphthalenes","z_C4-phenanthrenes_anthracenes","z_dibenzothiophene","z_fluorene","z_naphthalene","z_phenanthrene","ai_z_acenaphthene","ai_z_acenaphthylene","ai_z_C1-dibenzothiophenes","ai_z_C1-fluorenes","ai_z_C1-naphthalenes","ai_z_C1-phenanthrenes_anthracenes","ai_z_C2-dibenzothiophenes","ai_z_C2-fluorenes","ai_z_C2-naphthalenes","ai_z_C2-phenanthrenes_anthracenes","ai_z_C3-dibenzothiophenes","ai_z_C3-fluorenes","ai_z_C3-naphthalenes","ai_z_C3-phenanthrenes_anthracenes","ai_z_C4-dibenzothiophenes","ai_z_C4-naphthalenes","ai_z_C4-phenanthrenes_anthracenes","ai_z_dibenzothiophene","ai_z_fluorene","ai_z_naphthalene","ai_z_phenanthrene","pah_lmw_index"
"Aiston Preserve",48.6793778,-122.6300583,0,0,0,0,0,1.4,0,0,1.2,1.6,0,0,0,0.92,0,0.58,0.99,0,0,0,2,-0.229236898498506,-0.160755401802192,-0.234492817502003,-0.283694536416717,-0.315388755255776,-0.344043060521273,-0.364053743114265,-0.460124335378337,-0.120878009697341,-0.386762827742473,-0.490803087785624,-0.531040675722351,-0.224736767440554,-0.603583492317786,-0.53363123868649,-0.403559976055287,-0.756260915582893,-0.185435908324517,-0.216105621731545,-0.375148115141266,-0.28306904390277,0,0,0,0,0.736191614095011,0,0,0,1.07076977094101,0.00585330267786299,0,0,0,0.00910034615709099,0,0.00693825892965833,0.0246055458568866,0,0,0,0.0141950911291172,1.86765392978664
"Arroyo Beach",47.50159,-122.38577,0,0,0,0.65,0,4.3,0,0.79,1.7,0,0,0.98,0,5.8,0,1.5,5.1,0,0,0,5.1,-0.229236898498506,-0.160755401802192,-0.234492817502003,0.0203975623149222,-0.315388755255776,-0.203794975686905,-0.364053743114265,-0.127331771033043,0.32527606152808,-0.48041567058828,-0.490803087785624,-0.230451613992718,-0.224736767440554,-0.15948659985174,-0.53363123868649,-0.190786702212429,0.0216528803540602,-0.185435908324517,-0.216105621731545,-0.375148115141266,-0.195059478902243,0,0,0,0.30409209873164,0.736191614095011,0.140248084834368,0,0.332792564345294,1.51692384216643,0.0995061455236704,0,0.300589061729633,0,0.453197238623136,0,0.205835014913199,0.80251934179384,0,0,0,0.0738144738714096,4.96570948062763
"Blair Waterway",47.2758,-122.4174,1,0,0.71,0.93,0,8.2,1.7,1.8,3.17,0,1.9,3.2,0,13,2.1,4.8,10,0,1.1,0,6.9,-0.0317550769112334,-0.160755401802192,0.154866163850714,0.151391081768552,-0.315388755255776,-0.0151854822889626,0.431027658856767,0.298137203636256,1.63696903093082,-0.48041567058828,0.512344359280518,0.450474627884613,-0.224736767440554,0.495738323458818,1.05967530336322,0.572421780049995,0.949092685729017,-0.185435908324517,-0.0600419505756236,-0.375148115141266,-0.143957150837421,0.197481821587273,0,0.389358981352717,0.435085618185269,0.736191614095011,0.328857578232311,0.795081401971032,0.758261539014593,2.82861681156917,0.0995061455236704,1.00314744706614,0.981515303606964,0,1.1084221619337,1.59330654204971,0.969043497175624,1.7299591471688,0,0.156063671155922,0,0.124916801936232,14.2348160836241
"Blair Waterway Two",47.2632,-122.3856,1.3,0,0,1,0,7.4,2.2,2.9,3,17,3.1,6.7,0,21,2.6,5.4,14,0,1,0,6.4,0.0274894695649484,-0.160755401802192,-0.234492817502003,0.184139461631959,-0.315388755255776,-0.0538746091398226,0.664875130024717,0.761519255256285,1.48527664671417,0.514645784648423,1.14591116795387,1.52400699120473,-0.224736767440554,1.22376601602611,1.43903400385124,0.711186958643164,1.70618640440245,-0.185435908324517,-0.0742295570443438,-0.375148115141266,-0.158152241966538,0.256726368063455,0,0,0.467833998048676,0.736191614095011,0.290168451381451,1.02892887313898,1.22164359063462,2.67692442735252,0.895555309713033,1.63671425573949,2.05504766692708,0,1.83644985450098,1.97266524253773,1.10780867576879,2.48705286584223,0,0.141876064687201,0,0.110721710807114,18.9223089692384
"Brackenwood Ln",47.68203,-122.50668,0,0,0,0,0,4.6,0,0.8,1.7,0,0,1.8,0,5.1,0,1.6,3.9,0,0,0,6.3,-0.229236898498506,-0.160755401802192,-0.234492817502003,-0.283694536416717,-0.315388755255776,-0.189286553117833,-0.364053743114265,-0.123119206927406,0.32527606152808,-0.48041567058828,-0.490803087785624,0.0210616825565662,-0.224736767440554,-0.223189022951378,-0.53363123868649,-0.167659172446901,-0.20547523524797,-0.185435908324517,-0.216105621731545,-0.375148115141266,-0.160991260192361,0,0,0,0,0.736191614095011,0.15475650740344,0,0.33700512845093,1.51692384216643,0.0995061455236704,0,0.552102358278917,0,0.389494815523499,0,0.228962544678727,0.57539122619181,0,0,0,0.107882692581291,4.69821687489373
"Broad Spit",47.80934,-122.81556,0,0,0,0,0,1.5,0,0,0,1.9,0,0,0,0.84,0,0,1.1,0,0,0,2.5,-0.229236898498506,-0.160755401802192,-0.234492817502003,-0.283694536416717,-0.315388755255776,-0.339206919664916,-0.364053743114265,-0.460124335378337,-1.19164778063835,-0.369202919708884,-0.490803087785624,-0.531040675722351,-0.224736767440554,-0.610863769243459,-0.53363123868649,-0.53769964869535,-0.735440838319374,-0.185435908324517,-0.216105621731545,-0.375148115141266,-0.268873952773652,0,0,0,0,0.736191614095011,0.00483614085635753,0,0,0,0.0117066053557259,0,0,0,0.00182006923141809,0,0.141077931569721,0.045425623120406,0,0,0,0,0.94105798422864
"Browns Point Lighthouse",47.304906,-122.44427,0.72,0,0,0,0.61,4.7,0.79,1,0,6,0.95,1.8,2.8,5,0.73,1.9,4.8,0,0.75,0,5.5,-0.0870499869556699,-0.160755401802192,-0.234492817502003,-0.283694536416717,0.172738293220264,-0.184450412261475,0.00542526133109648,-0.0388679248146738,-1.19164778063835,-0.129217509916503,0.010770635747447,0.0210616825565662,0.206659221247895,-0.232289369108469,0.020232464026028,-0.0982765831503172,-0.0351291485464473,-0.185435908324517,-0.109698573216144,-0.375148115141266,-0.183703405998949,0.142186911542836,0,0,0,0.248064565618971,0.159592648259798,0.369479004445362,0.421256410563663,0,0.251692015148107,0.501573723533071,0.552102358278917,0.43139598868845,0.380394469366408,0.553863702712518,0.298345133975311,0.745737312893332,0,0.106407048515401,0,0.0851705467747034,5.24726184031685
"Cap Sante",48.52093,-122.600725,0,0,0,0,0,2.9,0.91,0,1.4,5.9,2.2,1.3,0,8,2.2,1.7,5.8,0,0,0,3,-0.229236898498506,-0.160755401802192,-0.234492817502003,-0.283694536416717,-0.315388755255776,-0.271500947675911,0.0615486544114046,-0.460124335378337,0.0575836187928274,-0.135070812594366,0.670736061448856,-0.132300083632022,-0.224736767440554,0.0407210156042637,1.13554704346082,-0.144531642681373,0.154144281121911,-0.185435908324517,-0.216105621731545,-0.375148115141266,-0.254678861644535,0,0,0,0,0.736191614095011,0.0725421128453627,0.42560239752567,0,1.24923139943118,0.245838712470244,1.16153914923448,0.398740592090329,0,0.653404854079141,1.66917828214731,0.252090074444255,0.935010742561691,0,0,0,0.0141950911291173,7.81356502205379
"Chambers Bay Park",47.2009,-122.58342,0,0,0,0,0.5,2.1,0,0,0,3,0,0.66,1.3,2,0,0,2.4,0,0,0,2.6,-0.229236898498506,-0.160755401802192,-0.234492817502003,-0.283694536416717,0.084715382839339,-0.310190074526771,-0.364053743114265,-0.460124335378337,-1.19164778063835,-0.304816590252392,-0.490803087785624,-0.328603144353415,-0.0244457726923455,-0.505299753821202,-0.53363123868649,-0.53769964869535,-0.489385379750508,-0.185435908324517,-0.216105621731545,-0.375148115141266,-0.266034934547829,0,0,0,0,0.336087475999897,0.0338529859945025,0,0,0,0.0760929348122185,0,0.202437531368936,0.200290994748209,0.107384084653675,0,0.141077931569721,0.291481081689272,0,0,0,0.00283901822582344,1.39154403906225
"Cherry Point Aquatic Reserve, Conoco Phillips",48.820783,-122.710133,0,0,0,0,0,3.3,0,0,1.5,4.2,0,0,0,3.3,0,1.2,3.2,0,0,0,5.5,-0.229236898498506,-0.160755401802192,-0.234492817502003,-0.283694536416717,-0.315388755255776,-0.252156384250481,-0.364053743114265,-0.460124335378337,0.146814433037912,-0.234576958118036,-0.490803087785624,-0.531040675722351,-0.224736767440554,-0.386995253779018,-0.53363123868649,-0.260169291509013,-0.337966636015821,-0.185435908324517,-0.216105621731545,-0.375148115141266,-0.183703405998949,0,0,0,0,0.736191614095011,0.0918866762707927,0,0,1.33846221367626,0.146332566946574,0,0,0,0.225688584695859,0,0.136452425616615,0.442899825423959,0,0,0,0.0851705467747034,3.20308445349978
"Chimacum Creek delta",48.04887,-122.7711,0,0,0,0,0,2.1,0,0,1.3,0,0,0,0,2,0,1.1,2,0,0,0,3,-0.229236898498506,-0.160755401802192,-0.234492817502003,-0.283694536416717,-0.315388755255776,-0.310190074526771,-0.364053743114265,-0.460124335378337,-0.0316471954522566,-0.48041567058828,-0.490803087785624,-0.531040675722351,-0.224736767440554,-0.505299753821202,-0.53363123868649,-0.283296821274541,-0.565094751617851,-0.185435908324517,-0.216105621731545,-0.375148115141266,-0.254678861644535,0,0,0,0,0.736191614095011,0.0338529859945025,0,0,1.16000058518609,0.0995061455236704,0,0,0,0.107384084653675,0,0.113324895851087,0.215771709821929,0,0,0,0.0141950911291173,2.48022711225509
"Chuckanut, Clark's Point",48.691084,-122.504012,0,0,0,0,0,2.5,0,0,1.5,0,0,0.55,0,2.3,0,1.2,4.2,0,0,0,3.9,-0.229236898498506,-0.160755401802192,-0.234492817502003,-0.283694536416717,-0.315388755255776,-0.290845511101341,-0.364053743114265,-0.460124335378337,0.146814433037912,-0.48041567058828,-0.490803087785624,-0.362342732914904,-0.224736767440554,-0.477998715349929,-0.53363123868649,-0.260169291509013,-0.148693206347462,-0.185435908324517,-0.216105621731545,-0.375148115141266,-0.229127697612124,0,0,0,0,0.736191614095011,0.0531975494199326,0,0,1.33846221367626,0.0995061455236704,0,0.168697942807447,0,0.134685123124948,0,0.136452425616615,0.632173255092317,0,0,0,0.0397462551615283,3.33911252451773
"Commencement Bay Skookum",47.28915,-122.4096,1.2,0,0,0.91,0,7.2,1.2,1.4,2.8,10,1.5,1.9,0,10,0.91,3.6,7.1,0,1.1,0,8.7,0.00774128740622112,-0.160755401802192,-0.234492817502003,0.142034401807578,-0.315388755255776,-0.0635468908525377,0.197180187688816,0.129634639410791,1.306815018224,0.104914597198016,0.301155423056067,0.0517340357942838,-0.224736767440554,0.222727938746086,0.156801596201717,0.294891422863659,0.400199739690777,-0.185435908324517,-0.0600419505756236,-0.375148115141266,-0.0928548227725987,0.236978185904727,0,0,0.425728938224295,0.736191614095011,0.280496169668736,0.561233930803081,0.589758974789128,2.49846279886235,0.485824122262626,0.79195851084169,0.582774711516635,0,0.835411777220963,0.690432834888207,0.691513139989288,1.18106620113056,0,0.156063671155922,0,0.176019130001054,10.9199147113543
"Commencement Bay, Dick Gilmur Launch",47.2925,-122.4122,1.3,0,0,0.83,1,6.6,1.2,1.5,3.2,8.2,1.7,2.5,4.5,8.1,1.2,3,6,0,1.3,0,9.2,0.0274894695649484,-0.160755401802192,-0.234492817502003,0.104607681963684,0.484819520934454,-0.0925637359906828,0.197180187688816,0.171760280467158,1.66373827520434,-0.000444851003517588,0.406749891168292,0.23576815522059,0.468578214380168,0.0498213617613547,0.376829642484772,0.156126244270491,0.191998967055583,-0.185435908324517,-0.0316667376381834,-0.375148115141266,-0.0786597316434815,0.256726368063455,0,0,0.388302218380401,0.0640166620952184,0.251479324530591,0.561233930803081,0.631884615845494,2.85538605584269,0.380464674061092,0.897552978953916,0.76680883094294,0.693314981820723,0.662505200236232,0.910460881171262,0.55274796139612,0.972865428495363,0,0.184438884093362,0,0.190214221130171,11.2204032178621
"Commencement Bay, Milwaukee Waterway",47.2694,-122.4243,0.91,0,0,0.69,0.81,5.1,1,1.2,3.1,6.9,1.3,2.4,4.3,7.4,1.3,3.2,6.2,0,0.89,0,5.8,-0.049528440854088,-0.160755401802192,-0.234492817502003,0.0391109222368692,0.33277994845831,-0.165105848836045,0.103641199221636,0.0453833572980588,1.57450746095926,-0.076537785815736,0.195560954943841,0.205095801982872,0.437764215188136,-0.0138810613382829,0.452701382582377,0.202381303801547,0.229853652989255,-0.185435908324517,-0.089835924159936,-0.375148115141266,-0.175186351321479,0.179708457644418,0,0,0.322805458653587,0.0880229103809252,0.178937211685228,0.467694942335901,0.505507692676395,2.76615524159761,0.304371739248874,0.686364042729465,0.736136477705223,0.66250098262869,0.598802777136594,0.986332621268867,0.599003020927176,1.01072011442903,0,0.126269697571609,0,0.0936876014521737,10.3130209900718
"Des Moines Marina",47.402778,-122.331667,42,0.83,14,17,10,150,15,16,0,110,11,18,55,59,5.6,32,23,23,60,0,290,8.06499960816695,7.14364150490323,7.4430082232558,7.66948343041078,7.68669400664652,6.84246225202599,6.65137039192425,6.27997823364027,-1.19164778063835,5.95821727506098,5.31689265838677,4.98998290706682,8.24911301036828,4.68189755572072,3.7151862067794,6.86310987627362,3.40964727141768,8.17298953875656,8.29645825950054,-0.375148115141266,7.89330344646875,8.29423650666546,7.30439690670543,7.6775010407578,7.9531779668275,7.26589114780729,7.18650531254726,7.01542413503852,6.7401025690186,0,6.33912680012559,5.8076957461724,5.52102358278917,8.47384977780883,5.2945813941956,4.24881744546589,7.25973159339925,4.19051373285746,8.35842544708107,8.51256388123209,0,8.16217739924241,131.605742385738
"Discovery Bay",48.064974,-122.857218,0,0,0,0,0,3.7,0,0.43,1.2,5.1,0,0.51,0,3.5,0,0.93,2.8,0,0.47,0.58,7.2,-0.229236898498506,-0.160755401802192,-0.234492817502003,-0.283694536416717,-0.315388755255776,-0.232811820825051,-0.364053743114265,-0.278984078835962,-0.120878009697341,-0.181897234017269,-0.490803087785624,-0.374611674209991,-0.224736767440554,-0.368794561464836,-0.53363123868649,-0.322613621875939,-0.413676007883164,-0.185435908324517,-0.149423871328561,1.79781367029749,-0.13544009615995,0,0,0,0,0.736191614095011,0.111231239696223,0,0.181140256542375,1.07076977094101,0.199012291047341,0,0.15642900151236,0,0.243889277010041,0,0.0740080952496898,0.367190453556615,0,0.0666817504029847,2.17296178543876,0.133433856613702,5.51293939210611
"Donkey Creek Delta",47.337909,-122.59023,0.65,0,0,0,0.62,3.6,0,0.74,0,4.7,0.72,1.4,0,4.2,0.65,1.1,3.3,0,0.62,0,5.4,-0.100873714466779,-0.160755401802192,-0.234492817502003,-0.283694536416717,0.180740375982167,-0.237647961681408,-0.364053743114265,-0.148394591561226,-1.19164778063835,-0.205310444728721,-0.110663002581612,-0.101627730394304,-0.224736767440554,-0.305092138365198,-0.0404649280520561,-0.283296821274541,-0.319039293048985,-0.185435908324517,-0.12814246162548,-0.375148115141266,-0.186542424224772,0.128363184031727,0,0,0,0.240062482857069,0.106395098839865,0,0.31172974381711,0,0.175599080335889,0.380140085204011,0.429412945328047,0,0.307591700109679,0.493166310634434,0.113324895851087,0.461827168390795,0,0.0879631601060649,0,0.08233152854888,3.31790738405466
"Eagle Harbor Dr",47.618875,-122.527234,0.93,0,0,0,0.65,5.9,1.2,1.2,0,7,1.6,2.1,0,7,1,1.3,4,0,0.99,0,8.4,-0.0455788044223425,-0.160755401802192,-0.234492817502003,-0.283694536416717,0.204746624267873,-0.126416721985185,0.197180187688816,0.0453833572980588,-1.19164778063835,-0.0706844831378731,0.35395265711218,0.113078742269719,-0.224736767440554,-0.0502824459666473,0.225086162289562,-0.237041761743485,-0.186547892281134,-0.185435908324517,-0.0756483176912158,-0.375148115141266,-0.101371877450069,0.183658094076164,0,0,0,0.216056234571362,0.217626338536088,0.561233930803081,0.505507692676395,0,0.310225041926737,0.844755744897803,0.64411941799207,0,0.56240139250823,0.758717400976052,0.159579955382143,0.594318569158646,0,0.140457304040329,0,0.167502075323583,5.86615919286868
"Eastsound, Fishing Bay",48.69395,-122.909933,0,0,0,0,0,5.4,0,0,1.7,0,0.73,0.93,0,5.5,0.85,1.4,3.9,0,0.69,0,11,-0.229236898498506,-0.160755401802192,-0.234492817502003,-0.283694536416717,-0.315388755255776,-0.150597426266973,-0.364053743114265,-0.460124335378337,0.32527606152808,-0.48041567058828,-0.105383279176001,-0.245787790611577,-0.224736767440554,-0.186787638323014,0.111278552143154,-0.213914231977957,-0.20547523524797,-0.185435908324517,-0.118211137097376,-0.375148115141266,-0.0275574035786594,0,0,0,0,0.736191614095011,0.1934456342543,0,0,1.51692384216643,0.0995061455236704,0.385419808609623,0.285252885110774,0,0.425896200151863,0.644909790829644,0.182707485147671,0.57539122619181,0,0.097894484634169,0,0.241316549194993,5.38485566590996
"Edmonds Ferry",47.8142069,-122.3822018,0,0,0,0,0,5.2,0,0.82,1.9,6.7,0,0.93,0,4.5,0,2.1,5.5,0,0.88,0,7.4,-0.229236898498506,-0.160755401802192,-0.234492817502003,-0.283694536416717,-0.315388755255776,-0.160269707979688,-0.364053743114265,-0.114694078716133,0.503737690018248,-0.088244391171462,-0.490803087785624,-0.245787790611577,-0.224736767440554,-0.277791099893925,-0.53363123868649,-0.0520215236192611,0.0973622522214036,-0.185435908324517,-0.091254684806808,-0.375148115141266,-0.129762059708303,0,0,0,0,0.736191614095011,0.183773352541585,0,0.345430256662203,1.6953854706566,0.292665133893148,0,0.285252885110774,0,0.334892738580952,0,0.344600193506368,0.878228713661183,0,0.124850936924737,0,0.139111893065349,5.36038318869791
"Edmonds Marina",47.81094,-122.387955,0.73,0,0,0.71,0,6.5,0.63,1,1.9,7.2,0.66,1,0,6,0,1.7,4.2,0,1.1,0,11,-0.0850751687397971,-0.160755401802192,-0.234492817502003,0.0484676021978428,-0.315388755255776,-0.0973998768470402,-0.0694059294426477,-0.0388679248146738,0.503737690018248,-0.0589778777821472,-0.14234134301528,-0.224317143345175,-0.224736767440554,-0.141285907537558,-0.53363123868649,-0.144531642681373,-0.148693206347462,-0.185435908324517,-0.0600419505756236,-0.375148115141266,-0.0275574035786594,0.144161729758709,0,0,0.33216213861456,0.736191614095011,0.246643183674233,0.294647813671618,0.421256410563663,1.6953854706566,0.321931647282463,0.348461744770344,0.306723532377176,0,0.471397930937319,0,0.252090074444255,0.632173255092317,0,0.156063671155922,0,0.241316549194993,6.60060676628918
"Eld Inlet",47.0769,-123.0034725,0,0,0,0,0,2.3,0,0.46,1.3,3.4,0,0.52,0,2,0,1.1,2,0,0,0.69,2.4,-0.229236898498506,-0.160755401802192,-0.234492817502003,-0.283694536416717,-0.315388755255776,-0.300517792814056,-0.364053743114265,-0.266346386519052,-0.0316471954522566,-0.28140337954094,-0.490803087785624,-0.371544438886219,-0.224736767440554,-0.505299753821202,-0.53363123868649,-0.283296821274541,-0.565094751617851,-0.185435908324517,-0.216105621731545,2.20992711236346,-0.271712970999476,0,0,0,0,0.736191614095011,0.0435252677072176,0,0.193777948859285,1.16000058518609,0.0995061455236703,0,0.159496236836132,0,0.107384084653675,0,0.113324895851087,0.215771709821929,0,0,2.58507522750473,0.00283901822582344,5.41689273426465
"Elliot Bay Myrtle Edwards",47.62052,-122.36373,8.1,0,6.5,5.3,3.1,93,8.9,8,5.9,85,7.7,12,12,51,4.6,9.9,23,5.5,9.9,0,98,1.3703658563584,-0.160755401802192,3.33006123713555,2.19582565324127,2.16525690093394,4.08586196390221,3.79843124367526,2.90992694913097,4.07297025982161,4.49489160559524,3.57458393453505,3.14964171280376,1.62410318408137,3.95386986315344,2.95646880580335,1.75192579809192,3.40964727141768,1.813318002934,1.18846741867175,-0.375148115141266,2.44238845288774,1.59960275485691,0,3.56455405463755,2.47952018965798,1.7444540420947,4.42990502442348,4.16248498678952,3.3700512845093,5.26461804045996,4.87580113065985,4.06538702232068,3.68068238852611,1.84883995152193,4.56655370162831,3.49010004448984,2.14854751521755,4.19051373285746,1.99875391125852,1.4045730404033,0,2.71126240566139,61.5962052219743
"Elliott Bay, Harbor Island, Pier 17",47.5876989,-122.3505105,4.3,0,1.8,2.3,1.1,27,2.9,3.3,3.26,0,3.4,5.5,0,26,2.9,4.7,16,2,5.2,0,35,0.619934934326767,-0.160755401802192,0.752614459166857,0.792323659095238,0.564840348553477,0.89400899870625,0.992261589659848,0.93002181948175,1.71727676375139,-0.48041567058828,1.30430287012221,1.15593875235212,-0.224736767440554,1.67878332388066,1.66664922414406,0.549294250284467,2.08473326373917,0.541383695769489,0.521649914641902,-0.375148115141266,0.653806970618968,0.849171832825273,0,0.98710727666886,1.07601819551195,0.144037489714241,1.23805205922752,1.35631533277411,1.39014615486009,2.90892454438974,0.0995061455236704,1.79510595790783,1.68697942807447,0,2.29146716235554,2.20028046283055,0.945915967410096,2.86559972517895,0.726819604094006,0.737755536373448,0,0.92268092339262,24.221883799113
"Everett Harbor",47.97252,-122.22982,0,0,0,0,0,3.8,0,0,1.3,4.8,0,0,0,3.9,0,1.2,3.2,0,0,0,6.3,-0.229236898498506,-0.160755401802192,-0.234492817502003,-0.283694536416717,-0.315388755255776,-0.227975679968693,-0.364053743114265,-0.460124335378337,-0.0316471954522566,-0.199457142050858,-0.490803087785624,-0.531040675722351,-0.224736767440554,-0.332393176836471,-0.53363123868649,-0.260169291509013,-0.337966636015821,-0.185435908324517,-0.216105621731545,-0.375148115141266,-0.160991260192361,0,0,0,0,0.736191614095011,0.11606738055258,0,0,1.16000058518609,0.181452383013752,0,0,0,0.280290661638406,0,0.136452425616615,0.442899825423959,0,0,0,0.107882692581291,3.16123756810771
"Fidalgo Bay Aq Reserve, Weaverling Spit",48.48425,-122.58392,0,0,0,0,0,5.3,2.1,1.3,2.1,10,4.6,2.7,3.4,12,3.4,2.9,8.6,0,0,0,5.8,-0.229236898498506,-0.160755401802192,-0.234492817502003,-0.283694536416717,-0.315388755255776,-0.15543356712333,0.618105635791127,0.0875089983544251,0.682199318508416,0.104914597198016,1.93786967879556,0.297112861696025,0.299101218823992,0.404734861887908,2.04600792463209,0.132998714504963,0.684109884193315,-0.185435908324517,-0.216105621731545,-0.375148115141266,-0.175186351321479,0,0,0,0,0.736191614095011,0.188609493397943,0.982159378905393,0.547633333732762,1.87384709914677,0.485824122262626,2.42867276658118,0.828153537418376,0.523837986264546,1.01741870036278,2.57963916331857,0.529620431630592,1.46497634563309,0,0,0,0.0936876014521737,14.2802715742018
"Filucy Bay",47.19483,-122.748665,0,0,0,0,0,2,0,0,0,2.6,0,0,1.3,1.6,0,0,1.6,0,0,0,2.9,-0.229236898498506,-0.160755401802192,-0.234492817502003,-0.283694536416717,-0.315388755255776,-0.315026215383128,-0.364053743114265,-0.460124335378337,-1.19164778063835,-0.328229800963843,-0.490803087785624,-0.531040675722351,-0.0244457726923455,-0.541701138449566,-0.53363123868649,-0.53769964869535,-0.640804123485194,-0.185435908324517,-0.216105621731545,-0.375148115141266,-0.257517879870359,0,0,0,0,0.736191614095011,0.0290168451381451,0,0,0,0.0526797241007666,0,0,0.200290994748209,0.0709827000253105,0,0.141077931569721,0.140062337954585,0,0,0,0.0113560729032938,1.38165822053504
"Friday Harbor",48.5069444,-123.0194444,0.56,0,0,0,0,5.2,0,0.51,1.5,5.6,0,0.6,0,3.6,0,1.1,2.2,0,0.56,0.59,8.4,-0.118647078409634,-0.160755401802192,-0.234492817502003,-0.283694536416717,-0.315388755255776,-0.160269707979688,-0.364053743114265,-0.245283565990869,0.146814433037912,-0.152630720627955,-0.490803087785624,-0.347006556296045,-0.224736767440554,-0.359694215307745,-0.53363123868649,-0.283296821274541,-0.527240065684179,-0.185435908324517,-0.136655025506712,1.83527852866713,-0.101371877450069,0.110589820088873,0,0,0,0.736191614095011,0.183773352541585,0,0.214840769387468,1.33846221367626,0.228278804436655,0,0.184034119426306,0,0.252989623167132,0,0.113324895851087,0.2536263957556,0,0.0794505962248328,2.21042664380839,0.167502075323583,6.07349092378279
"Gig Harbor Boat Launch",47.3372,-122.58284,0,0,0,0,0,3.7,0,0.66,0,4.5,0,1.2,2.2,3.7,0,0.72,2.6,0,0.63,0,5.3,-0.229236898498506,-0.160755401802192,-0.234492817502003,-0.283694536416717,-0.315388755255776,-0.232811820825051,-0.364053743114265,-0.182095104406319,-1.19164778063835,-0.217017050084447,-0.490803087785624,-0.16297243686974,0.114217223671799,-0.350593869150653,-0.53363123868649,-0.371181434383548,-0.451530693816836,-0.185435908324517,-0.126723700978608,-0.375148115141266,-0.189381442450596,0,0,0,0,0.736191614095011,0.111231239696223,0,0.278029230972017,0,0.163892474980163,0,0.368068238852611,0.338953991112353,0.262089969324224,0,0.0254402827420809,0.329335767622944,0,0.0893819207529369,0,0.0794925103230565,2.78210724047362
"Hood Canal Holly",47.570193,-122.971775,0,0,0,0,0,0.95,0,0,2.1,0.67,0,0,0,0,0,0.73,0.68,0,0,0,1.9,-0.229236898498506,-0.160755401802192,-0.234492817502003,-0.283694536416717,-0.315388755255776,-0.365805694374882,-0.364053743114265,-0.460124335378337,0.682199318508416,-0.441198542646599,-0.490803087785624,-0.531040675722351,-0.224736767440554,-0.687306676963024,-0.53363123868649,-0.368868681406995,-0.814935678780084,-0.185435908324517,-0.216105621731545,-0.375148115141266,-0.285908062128593,0,0,0,0,0.736191614095011,0.0217626338536088,0,0,1.87384709914677,0.0602890175819885,0,0,0,0.0746228384881471,0,0.0277530357186336,0.0340692173403047,0,0,0,0.0170341093549407,2.8455695655794
"Jamestown",48.027069,-122.999191,0,0,0,0,0,1.4,0,0,1.3,2.2,0,0,1.4,0.96,0,1.1,0.82,0,0,0,2.4,-0.229236898498506,-0.160755401802192,-0.234492817502003,-0.283694536416717,-0.315388755255776,-0.344043060521273,-0.364053743114265,-0.460124335378337,-0.0316471954522566,-0.351643011675295,-0.490803087785624,-0.531040675722351,-0.00903877309632945,-0.59994335385495,-0.53363123868649,-0.283296821274541,-0.788437398626514,-0.185435908324517,-0.216105621731545,-0.375148115141266,-0.271712970999476,0,0,0,0,0.736191614095011,0,0,0,1.16000058518609,0.0292665133893148,0,0,0.215697994344225,0.0127404846199275,0,0.113324895851087,0.0075709371867344,0,0,0,0.00283901822582344,2.27763204289822
"Kingston Marina",47.7947,-122.5003,0,0,0,0,0.52,2.6,0,0.54,0,3.3,0,0.63,0,2.5,0,0.78,1.8,0,0,0,3.9,-0.229236898498506,-0.160755401802192,-0.234492817502003,-0.283694536416717,0.100719548363144,-0.286009370244983,-0.364053743114265,-0.232645873673959,-1.19164778063835,-0.287256682218803,-0.490803087785624,-0.33780485032473,-0.224736767440554,-0.459798023035747,-0.53363123868649,-0.357304916524231,-0.602949437551523,-0.185435908324517,-0.216105621731545,-0.375148115141266,-0.229127697612124,0,0,0,0,0.320083310476092,0.0580336902762901,0,0.227478461704378,0,0.0936528428458073,0,0.193235825397621,0,0.15288581543913,0,0.0393168006013977,0.177917023888257,0,0,0,0.0397462551615283,1.3023500257905
"Kitsap St Boat Launch",47.541533,-122.640383,0.8,0,0.55,1,0,7.9,1.1,2.4,2.1,0,1.3,4.7,0,15,1.1,4.2,9.9,0,1.1,0,7.5,-0.071251441228688,-0.160755401802192,0.0671232948134825,0.184139461631959,-0.315388755255776,-0.0296939048580351,0.150410693455226,0.550891049974454,0.682199318508416,-0.48041567058828,0.195560954943841,0.910559926450377,-0.224736767440554,0.67774524660064,0.300957902387167,0.433656601456827,0.930165342762181,-0.185435908324517,-0.0600419505756236,-0.375148115141266,-0.12692304148248,0.157985457269818,0,0.301616112315485,0.467833998048676,0.736191614095011,0.314349155663238,0.514464436569491,1.01101538535279,1.87384709914677,0.0995061455236704,0.686364042729465,1.44160060217273,0,1.29042908507552,0.834589141073657,0.830278318582456,1.71103180420196,0,0.156063671155922,0,0.141950911291172,12.5691169802678
"Kopachuck State Park",47.3115,-122.68725,0,0,0,0,0,1.7,0,0,0,2.4,0,0,1.1,1.3,0,0,1.3,0,0,0,2.1,-0.229236898498506,-0.160755401802192,-0.234492817502003,-0.283694536416717,-0.315388755255776,-0.329534637952201,-0.364053743114265,-0.460124335378337,-1.19164778063835,-0.339936406319569,-0.490803087785624,-0.531040675722351,-0.0552597718843776,-0.56900217692084,-0.53363123868649,-0.53769964869535,-0.697586152385702,-0.185435908324517,-0.216105621731545,-0.375148115141266,-0.280230025676946,0,0,0,0,0.736191614095011,0.0145084225690725,0,0,0,0.0409731187450407,0,0,0.169476995556177,0.0436816615540372,0,0.141077931569721,0.0832803090540776,0,0,0,0.0113560729032938,1.24054612604643
"Lions Park",47.583016,-122.64217,0,0,0,0,0,2.9,0,0,1.4,4.2,0,0,0,3.9,0,0.86,2.8,0,0,0,3.4,-0.229236898498506,-0.160755401802192,-0.234492817502003,-0.283694536416717,-0.315388755255776,-0.271500947675911,-0.364053743114265,-0.460124335378337,0.0575836187928274,-0.234576958118036,-0.490803087785624,-0.531040675722351,-0.224736767440554,-0.332393176836471,-0.53363123868649,-0.338802892711809,-0.413676007883164,-0.185435908324517,-0.216105621731545,-0.375148115141266,-0.243322788741241,0,0,0,0,0.736191614095011,0.0725421128453627,0,0,1.24923139943118,0.146332566946574,0,0,0,0.280290661638406,0,0.0578188244138201,0.367190453556615,0,0,0,0.025551164032411,2.93514879695938
"Locust Beach",48.76652,-122.5395,0,0,0,0,0,2,0,0,1.6,2.7,0,0,0,1.4,0,0.85,2.8,0,0,0,2.9,-0.229236898498506,-0.160755401802192,-0.234492817502003,-0.283694536416717,-0.315388755255776,-0.315026215383128,-0.364053743114265,-0.460124335378337,0.236045247282996,-0.32237649828598,-0.490803087785624,-0.531040675722351,-0.224736767440554,-0.559901830763749,-0.53363123868649,-0.341115645688361,-0.413676007883164,-0.185435908324517,-0.216105621731545,-0.375148115141266,-0.257517879870359,0,0,0,0,0.736191614095011,0.0290168451381451,0,0,1.42769302792135,0.0585330267786296,0,0,0,0.0527820077111283,0,0.0555060714372673,0.367190453556615,0,0,0,0.0113560729032938,2.73826911954144
"Madrona Pont",47.579985,-122.67853,0,0,0,0,0,2.8,0,0,1.3,4,0,0,0,3.6,0,0.81,2.5,0,0,0,3.2,-0.229236898498506,-0.160755401802192,-0.234492817502003,-0.283694536416717,-0.315388755255776,-0.276337088532268,-0.364053743114265,-0.460124335378337,-0.0316471954522566,-0.246283563473762,-0.490803087785624,-0.531040675722351,-0.224736767440554,-0.359694215307745,-0.53363123868649,-0.350366657594573,-0.470458036783672,-0.185435908324517,-0.216105621731545,-0.375148115141266,-0.249000825192888,0,0,0,0,0.736191614095011,0.0677059719890051,0,0,1.16000058518609,0.134625961590848,0,0,0,0.252989623167132,0,0.0462550595310561,0.310408424656108,0,0,0,0.0198731275807642,2.72805036779602
"Manchester, Stormwater Outfall",47.556111,-122.542778,0,0,0,0,0.6,3.4,0,0.62,0,4.3,0,0.75,0,3.3,0,0.97,2.2,0,0,0,4.7,-0.229236898498506,-0.160755401802192,-0.234492817502003,-0.283694536416717,0.164736210458362,-0.247320243394123,-0.364053743114265,-0.198945360828866,-1.19164778063835,-0.228723655440173,-0.490803087785624,-0.300998026439469,-0.224736767440554,-0.386995253779018,-0.53363123868649,-0.313362609969728,-0.527240065684179,-0.185435908324517,-0.216105621731545,-0.375148115141266,-0.206415551805537,0,0,0,0,0.256066648380874,0.0967228171271502,0,0.261178974549471,0,0.152185869624437,0,0.230042649282882,0,0.225688584695859,0,0.0832591071559009,0.2536263957556,0,0,0,0.0624584009681158,1.62122944754029
"Maple Hollow Park",47.29954,-122.74554,0,0,0,0,0.55,2,0,0,0,2.7,0,0,1.3,1.5,0,0.52,1.9,0,0,0,2.6,-0.229236898498506,-0.160755401802192,-0.234492817502003,-0.283694536416717,0.124725796648851,-0.315026215383128,-0.364053743114265,-0.460124335378337,-1.19164778063835,-0.32237649828598,-0.490803087785624,-0.531040675722351,-0.0244457726923455,-0.550801484606658,-0.53363123868649,-0.417436493914604,-0.584022094584687,-0.185435908324517,-0.216105621731545,-0.375148115141266,-0.266034934547829,0,0,0,0,0.296077062190385,0.0290168451381451,0,0,0,0.0585330267786296,0,0,0.200290994748209,0.0618823538682194,0,0.0208147767889752,0.196844366855093,0,0,0,0.00283901822582344,0.866298444593479
"Maristone Island",48.018181,-122.699838,0,0,0,0,0,1.5,0,0,1.4,1.9,0,0,1.5,1.1,0,1,0.84,0,0,0,2.5,-0.229236898498506,-0.160755401802192,-0.234492817502003,-0.283694536416717,-0.315388755255776,-0.339206919664916,-0.364053743114265,-0.460124335378337,0.0575836187928274,-0.369202919708884,-0.490803087785624,-0.531040675722351,0.00636822649968662,-0.587202869235022,-0.53363123868649,-0.306424351040069,-0.784651930033147,-0.185435908324517,-0.216105621731545,-0.375148115141266,-0.268873952773652,0,0,0,0,0.736191614095011,0.00483614085635753,0,0,1.24923139943118,0.0117066053557259,0,0,0.231104993940241,0.025480969239855,0,0.0901973660855593,0.00378546859336726,0,0,0,0,2.35253455759729
"Meyer's Point, Henderson Inlet",47.117944,-122.833528,0,0,0,0,0,2.1,0,0,1.6,2.6,0,0,1.7,1.4,0,1,1.2,0,0,0,2.6,-0.229236898498506,-0.160755401802192,-0.234492817502003,-0.283694536416717,-0.315388755255776,-0.310190074526771,-0.364053743114265,-0.460124335378337,0.236045247282996,-0.328229800963843,-0.490803087785624,-0.531040675722351,0.0371822256917187,-0.559901830763749,-0.53363123868649,-0.306424351040069,-0.716513495352538,-0.185435908324517,-0.216105621731545,-0.375148115141266,-0.266034934547829,0,0,0,0,0.736191614095011,0.0338529859945025,0,0,1.42769302792135,0.0526797241007666,0,0,0.261918993132273,0.0527820077111283,0,0.0901973660855593,0.0643529660872418,0,0,0,0.00283901822582344,2.72250770335365
"Miller Creek",47.443611,-122.361944,0,0,0,0,0.58,3,0,0.6,0,4.3,0,0.76,1.8,3.2,0,0.62,3,0,0,0,4.4,-0.229236898498506,-0.160755401802192,-0.234492817502003,-0.283694536416717,0.148732044934557,-0.266664806819553,-0.364053743114265,-0.207370489040139,-1.19164778063835,-0.228723655440173,-0.490803087785624,-0.297930791115697,0.0525892252877348,-0.396095599936109,-0.53363123868649,-0.394308964149076,-0.375821321949493,-0.185435908324517,-0.216105621731545,-0.375148115141266,-0.214932606483007,0,0,0,0,0.272070813904678,0.0773782537017202,0,0.252753846338198,0,0.152185869624437,0,0.233109884606654,0.277325992728289,0.216588238538768,0,0.00231275297655287,0.405045139490287,0,0,0,0.0539413462906455,1.94271213820023
"Minter Bay",47.35399,-122.69176,0,0,0,0,0,1.9,0,0,0,2.4,0,0,1.2,1.3,0,0,1.5,0,0,0,2.8,-0.229236898498506,-0.160755401802192,-0.234492817502003,-0.283694536416717,-0.315388755255776,-0.319862356239486,-0.364053743114265,-0.460124335378337,-1.19164778063835,-0.339936406319569,-0.490803087785624,-0.531040675722351,-0.0398527722883616,-0.56900217692084,-0.53363123868649,-0.53769964869535,-0.65973146645203,-0.185435908324517,-0.216105621731545,-0.375148115141266,-0.260356898096182,0,0,0,0,0.736191614095011,0.0241807042817876,0,0,0,0.0409731187450407,0,0,0.184883995152193,0.0436816615540372,0,0.141077931569721,0.121134994987749,0,0,0,0.00851705467747033,1.30064107506301
"Mukilteo",47.949831,-122.301703,0,0,0,0.68,0,4.7,0,0.73,1.7,5.2,0,0.71,0,4.1,0,1.6,3.3,0,0.76,0,6.6,-0.229236898498506,-0.160755401802192,-0.234492817502003,0.0344325822563825,-0.315388755255776,-0.184450412261475,-0.364053743114265,-0.152607155666863,0.32527606152808,-0.176043931339406,-0.490803087785624,-0.313266967734556,-0.224736767440554,-0.314192484522289,-0.53363123868649,-0.167659172446901,-0.319039293048985,-0.185435908324517,-0.108279812569272,-0.375148115141266,-0.152474205514891,0,0,0,0.3181271186731,0.736191614095011,0.159592648259798,0,0.307517179711474,1.51692384216643,0.204865593725204,0,0.217773707987795,0,0.298491353952588,0,0.228962544678727,0.461827168390795,0,0.107825809162273,0,0.116399747258761,4.67449832806196
"N Avenue Park",48.52108,-122.61531,1.6,0,1.3,2.7,0,24,2.6,8.5,3,42,4.2,15,0,36,4.3,18,18,1.1,2.2,1,21,0.0867340160411303,-0.160755401802192,0.478417993425508,0.979457258314708,-0.315388755255776,0.748924773015524,0.851953106959078,3.1205551544128,1.48527664671417,1.97797145411416,1.72668074257111,4.06981230993529,-0.224736767440554,2.58881793958977,2.72885358551053,3.62525570909969,2.46328012307588,0.214314873927186,0.096021720580298,3.37133772182211,0.256344419003685,0.315970914539637,0,0.71291081092751,1.26315179473143,0.736191614095011,1.0929678335368,1.21600685007334,3.58067948979113,2.67692442735252,2.35888097917877,2.21748383035673,4.60085298565764,0,3.20150177806465,3.26248482419702,4.02187742622532,3.24414658451566,0.399750782251703,0.312127342311843,3.74648583696338,0.525218371777338,39.4856144765474
"North Camano",48.25523,-122.50817,0,0,0,0,0,2.3,0,0,1.2,3.3,0,0,0,1.8,0,0.92,2.6,0,0,0.57,3,-0.229236898498506,-0.160755401802192,-0.234492817502003,-0.283694536416717,-0.315388755255776,-0.300517792814056,-0.364053743114265,-0.460124335378337,-0.120878009697341,-0.287256682218803,-0.490803087785624,-0.531040675722351,-0.224736767440554,-0.523500446135384,-0.53363123868649,-0.324926374852492,-0.451530693816836,-0.185435908324517,-0.216105621731545,1.76034881192786,-0.254678861644535,0,0,0,0,0.736191614095011,0.0435252677072176,0,0,1.07076977094101,0.0936528428458073,0,0,0,0.0891833923394927,0,0.0716953422731369,0.329335767622944,0,0,2.13549692706913,0.0141950911291173,4.58404601602286
"Oak Bay County Park",48.022466,-122.728123,0,0,0,0,0,1.7,0,0,1.3,2.2,0,0,1.4,1.5,0,0.83,1,0,0,0,2.8,-0.229236898498506,-0.160755401802192,-0.234492817502003,-0.283694536416717,-0.315388755255776,-0.329534637952201,-0.364053743114265,-0.460124335378337,-0.0316471954522566,-0.351643011675295,-0.490803087785624,-0.531040675722351,-0.00903877309632945,-0.550801484606658,-0.53363123868649,-0.345741151641467,-0.75436818128621,-0.185435908324517,-0.216105621731545,-0.375148115141266,-0.260356898096182,0,0,0,0,0.736191614095011,0.0145084225690725,0,0,1.16000058518609,0.0292665133893148,0,0,0.215697994344225,0.0618823538682194,0,0.0508805654841617,0.0264982801535701,0,0,0,0.00851705467747033,2.30344338376714
"Penn Cove Baseline",48.218047,-122.712359,0,0,0,0,0.92,1.4,0,0,0,1.7,0,0,0,0.82,0,0.61,0.86,0,0,0,2.5,-0.229236898498506,-0.160755401802192,-0.234492817502003,-0.283694536416717,0.420802858839236,-0.344043060521273,-0.364053743114265,-0.460124335378337,-1.19164778063835,-0.38090952506461,-0.490803087785624,-0.531040675722351,-0.224736767440554,-0.612683838474877,-0.53363123868649,-0.396621717125629,-0.78086646143978,-0.185435908324517,-0.216105621731545,-0.375148115141266,-0.268873952773652,0,0,0,0,0,0,0,0,0,0,0,0,0,0,0,0,0,0,0,0,0,0
"Penn Cove Reference",48.214071,-122.719097,0,0,0,0,0,1.9,0,0,1.2,1.5,0,0,0,1.2,0,0,1.8,0,0,0,3.3,-0.229236898498506,-0.160755401802192,-0.234492817502003,-0.283694536416717,-0.315388755255776,-0.319862356239486,-0.364053743114265,-0.460124335378337,-0.120878009697341,-0.392616130420336,-0.490803087785624,-0.531040675722351,-0.224736767440554,-0.578102523077931,-0.53363123868649,-0.53769964869535,-0.602949437551523,-0.185435908324517,-0.216105621731545,-0.375148115141266,-0.246161806967065,0,0,0,0,0.736191614095011,0.0241807042817876,0,0,1.07076977094101,0.0117066053557259,0,0,0,0.0345813153969461,0,0.141077931569721,0.177917023888257,0,0,0,0.0227121458065876,2.21913711133505
"Penrose Point State Park",47.2609094,-122.7447771,0,0,0,0,0.58,2.2,0,0,0,3,0,0,1.5,2.2,0,1,1.6,0,0,0,3,-0.229236898498506,-0.160755401802192,-0.234492817502003,-0.283694536416717,0.148732044934557,-0.305353933670413,-0.364053743114265,-0.460124335378337,-1.19164778063835,-0.304816590252392,-0.490803087785624,-0.531040675722351,0.00636822649968662,-0.48709906150702,-0.53363123868649,-0.306424351040069,-0.640804123485194,-0.185435908324517,-0.216105621731545,-0.375148115141266,-0.254678861644535,0,0,0,0,0.272070813904678,0.0386891268508601,0,0,0,0.0760929348122185,0,0,0.231104993940241,0.125584776967857,0,0.0901973660855593,0.140062337954585,0,0,0,0.0141950911291173,0.987997441645116
"Point Defiance Ferry",47.3061098,-122.514771,0.92,0,0.6,0.88,0.73,7.6,0.82,1.3,0,8.7,1.3,2.5,0,6.6,0.82,2.3,4.5,0,1.2,0,11,-0.0475536226382153,-0.160755401802192,0.0945429413876174,0.127999381866118,0.268763286363092,-0.0442023274271076,0.0194561096011735,0.0875089983544251,-1.19164778063835,0.0288216623857972,0.195560954943841,0.23576815522059,-0.224736767440554,-0.0866838305950117,0.0885170301138726,-0.00576646408820517,-0.0919111774469548,-0.185435908324517,-0.0458543441069035,-0.375148115141266,-0.0275574035786594,0.181683275860291,0,0.32903575888962,0.411693918282835,0.152039572476144,0.299840733094166,0.383509852715439,0.547633333732762,0,0.409731187450407,0.686364042729465,0.76680883094294,0,0.526000007879865,0.622148268800362,0.390855253037424,0.688955283992825,0,0.170251277624642,0,0.241316549194993,6.80786714670418
"Port Angeles Yacht Club",48.128267,-123.457133,1.8,0,0.89,1.1,0,17,1.8,1.5,1.99,19,2.8,3.3,0,20,2.7,2.3,16,0.97,2.2,1.2,24,0.126230380358585,-0.160755401802192,0.2535768915176,0.230922861436827,-0.315388755255776,0.410394913070498,0.477797153090357,0.171760280467158,0.584045422838823,0.631711838205682,0.987519465785532,0.48114698112233,-0.224736767440554,1.1327625544552,1.51490574394885,-0.00576646408820517,2.08473326373917,0.167071599661076,0.096021720580298,4.12063488921479,0.341514965778389,0.355467278857091,0,0.488069709019603,0.514617397853544,0.736191614095011,0.754437973591772,0.841850896204622,0.631884615845494,1.77569320347717,1.01262136327029,1.47832255357116,1.01218765684468,0,1.74544639293007,2.04853698263534,0.390855253037424,2.86559972517895,0.352507507985593,0.312127342311843,4.49578300435605,0.610388918552041,22.4225893896178
"Purdy, Dexters",47.385334,-122.628902,0,0,0,0,0,2,0,0,0,2.8,0,0,1.2,1.6,0,0,1.7,0,0,0,2.8,-0.229236898498506,-0.160755401802192,-0.234492817502003,-0.283694536416717,-0.315388755255776,-0.315026215383128,-0.364053743114265,-0.460124335378337,-1.19164778063835,-0.316523195608117,-0.490803087785624,-0.531040675722351,-0.0398527722883616,-0.541701138449566,-0.53363123868649,-0.53769964869535,-0.621876780518359,-0.185435908324517,-0.216105621731545,-0.375148115141266,-0.260356898096182,0,0,0,0,0.736191614095011,0.0290168451381451,0,0,0,0.0643863294564925,0,0,0.184883995152193,0.0709827000253105,0,0.141077931569721,0.158989680921421,0,0,0,0.00851705467747033,1.39404615103576
"Purdy, Burley Lagoon",47.387021,-122.6367,0,0,0,0,0,2.4,0,0,1.2,3.1,0,0.67,1.6,1.9,0,1.1,2,0,0,0,3,-0.229236898498506,-0.160755401802192,-0.234492817502003,-0.283694536416717,-0.315388755255776,-0.295681651957698,-0.364053743114265,-0.460124335378337,-0.120878009697341,-0.298963287574529,-0.490803087785624,-0.325535909029643,0.0217752260957027,-0.514400099978293,-0.53363123868649,-0.283296821274541,-0.565094751617851,-0.185435908324517,-0.216105621731545,-0.375148115141266,-0.254678861644535,0,0,0,0,0.736191614095011,0.0483614085635751,0,0,1.07076977094101,0.0819462374900814,0,0.205504766692708,0.246511993536257,0.0982837384965838,0,0.113324895851087,0.215771709821929,0,0,0,0.0141950911291173,2.83086122661736
"Raft Island Park",47.32622,-122.66715,0,0,0,0,0,1.6,0,0,0,2.2,0,0,1.1,1.1,0,0,0.93,0,0,0,2.2,-0.229236898498506,-0.160755401802192,-0.234492817502003,-0.283694536416717,-0.315388755255776,-0.334370778808558,-0.364053743114265,-0.460124335378337,-1.19164778063835,-0.351643011675295,-0.490803087785624,-0.531040675722351,-0.0552597718843776,-0.587202869235022,-0.53363123868649,-0.53769964869535,-0.767617321362995,-0.185435908324517,-0.216105621731545,-0.375148115141266,-0.277391007451123,0,0,0,0,0.736191614095011,0.009672281712715,0,0,0,0.0292665133893148,0,0,0.169476995556177,0.025480969239855,0,0.141077931569721,0.0132491400767849,0,0,0,0.00851705467747027,1.13293250031705
"Reach Island",47.346817,-122.822363,0,0,0,0,0,2.6,0,0,1.4,4,0,0,0,2.1,0,1.1,2.8,0,0,0.61,2.6,-0.229236898498506,-0.160755401802192,-0.234492817502003,-0.283694536416717,-0.315388755255776,-0.286009370244983,-0.364053743114265,-0.460124335378337,0.0575836187928274,-0.246283563473762,-0.490803087785624,-0.531040675722351,-0.224736767440554,-0.496199407664111,-0.53363123868649,-0.283296821274541,-0.413676007883164,-0.185435908324517,-0.216105621731545,1.91020824540639,-0.266034934547829,0,0,0,0,0.736191614095011,0.0580336902762901,0,0,1.24923139943118,0.134625961590848,0,0,0,0.116484430810766,0,0.113324895851087,0.367190453556615,0,0,2.28535636054766,0.00283901822582344,5.06327782438528
"Rich Passage",47.578117,-122.524833,0,0,0,0,0.74,3.8,0,0.62,1.9,4.3,0,0.91,2.3,3.3,0,1.3,2.3,0,0.64,0,5.6,-0.229236898498506,-0.160755401802192,-0.234492817502003,-0.283694536416717,0.276765369124994,-0.227975679968693,-0.364053743114265,-0.198945360828866,0.503737690018248,-0.228723655440173,-0.490803087785624,-0.251922261259121,0.129624223267815,-0.386995253779018,-0.53363123868649,-0.237041761743485,-0.508312722717344,-0.185435908324517,-0.125304940331736,-0.375148115141266,-0.180864387773125,0,0,0,0,0.144037489714241,0.11606738055258,0,0.261178974549471,1.6953854706566,0.152185869624437,0,0.27911841446323,0.354360990708369,0.225688584695859,0,0.159579955382143,0.272553738722436,0,0.090800681399809,0,0.0880095650005268,3.8389671154697
"Rocky Point",47.60253,-122.66991,0,0,0,0,0,3.4,0,0.74,1.2,5.6,0.54,1,0,4.9,0.5,1.3,3.3,0,0,0.79,3.6,-0.229236898498506,-0.160755401802192,-0.234492817502003,-0.283694536416717,-0.315388755255776,-0.247320243394123,-0.364053743114265,-0.148394591561226,-0.120878009697341,-0.152630720627955,-0.205698023882615,-0.224317143345175,-0.224736767440554,-0.24138971526556,-0.154272538198464,-0.237041761743485,-0.319039293048985,-0.185435908324517,-0.216105621731545,2.5845756960598,-0.237644752289594,0,0,0,0,0.736191614095011,0.0967228171271502,0,0.31172974381711,1.07076977094101,0.228278804436655,0.285105063903009,0.306723532377176,0,0.371294123209317,0.379358700488026,0.159579955382143,0.461827168390795,0,0,2.95972381120107,0.0312292004840579,7.39853430585253
"South of Skunk Island",48.02655,-122.75089,0,0,0,0,0,3.4,0,0.61,1.6,0,0,0.6,0,3.1,0,1.4,2.4,0,0.61,0,5.1,-0.229236898498506,-0.160755401802192,-0.234492817502003,-0.283694536416717,-0.315388755255776,-0.247320243394123,-0.364053743114265,-0.203157924934502,0.236045247282996,-0.48041567058828,-0.490803087785624,-0.347006556296045,-0.224736767440554,-0.4051959460932,-0.53363123868649,-0.213914231977957,-0.489385379750508,-0.185435908324517,-0.129561222272352,-0.375148115141266,-0.195059478902243,0,0,0,0,0.736191614095011,0.0967228171271502,0,0.256966410443834,1.42769302792135,0.0995061455236704,0,0.184034119426306,0,0.207487892381677,0,0.182707485147671,0.291481081689272,0,0.0865443994591929,0,0.0738144738714096,3.64314946708654
"Salmon Bay, Commodore Park",47.666244,-122.401894,0,0,0,0,0,5,1.1,1.3,1.9,9.4,1.7,2.1,0,14,0.91,2.6,10,0,0.88,0,5.2,-0.229236898498506,-0.160755401802192,-0.234492817502003,-0.283694536416717,-0.315388755255776,-0.169941989692403,0.150410693455226,0.0875089983544251,0.503737690018248,0.069794781130838,0.406749891168292,0.113078742269719,-0.224736767440554,0.586741785029729,0.156801596201717,0.063616125208379,0.949092685729017,-0.185435908324517,-0.091254684806808,-0.375148115141266,-0.192220460676419,0,0,0,0,0.736191614095011,0.17410107082887,0.514464436569491,0.547633333732762,1.6953854706566,0.450704306195448,0.897552978953916,0.64411941799207,0,1.19942562350461,0.690432834888207,0.460237842334008,1.7299591471688,0,0.124850936924737,0,0.0766534920972331,9.94171250594175
"Salmon Beach",47.294692,-122.530504,0,0,0,0,0,4.4,0,0,1.9,0,0,0,0,4.9,0,1.7,3.2,0,0,0,6,-0.229236898498506,-0.160755401802192,-0.234492817502003,-0.283694536416717,-0.315388755255776,-0.198958834830548,-0.364053743114265,-0.460124335378337,0.503737690018248,-0.48041567058828,-0.490803087785624,-0.531040675722351,-0.224736767440554,-0.24138971526556,-0.53363123868649,-0.144531642681373,-0.337966636015821,-0.185435908324517,-0.216105621731545,-0.375148115141266,-0.169508314869832,0,0,0,0,0.736191614095011,0.145084225690725,0,0,1.6953854706566,0.0995061455236704,0,0,0,0.371294123209317,0,0.252090074444255,0.442899825423959,0,0,0,0.0993656379038206,3.84181711694736
"Seattle Aquarium, Pier 59",47.607334,-122.344055,2.3,0,1.6,2.1,0.7,25,2.7,3.4,2.44,28,3.3,3.8,0,24,2.1,4.3,14,1.5,3.6,0,29,0.224971291152221,-0.160755401802192,0.642935872870318,0.698756859485503,0.244757038077385,0.797286181579099,0.898722601192668,0.972147460538117,0.985584086941702,1.15850907921335,1.2515056360661,0.634508747310919,-0.224736767440554,1.49677640073884,1.05967530336322,0.456784131222355,1.70618640440245,0.359678794745987,0.29464821114238,-0.375148115141266,0.483465877069561,0.454208189650728,0,0.87742869037232,0.98245139590222,0.176045820761851,1.14132924210037,1.26277634430693,1.43227179591645,2.17723186758005,1.53941860427796,1.74230872385172,1.16554942303327,0,2.10946023921372,1.59330654204971,0.853405848347984,2.48705286584223,0.545114703070505,0.510753832873925,0,0.752339829843213,21.8024539589952
"Shilshole Bay",47.6707,-122.40605,1.6,0,0.72,1,0.86,10,1.5,1.8,2.6,13,1.8,3.8,3.5,14,2,2.9,10,0.8,1.8,0,14,0.0867340160411303,-0.160755401802192,0.160350093165541,0.184139461631959,0.372790362267822,0.0718650531254726,0.337488670389586,0.298137203636256,1.12835338973384,0.280513677533905,0.459547125224405,0.634508747310919,0.314508218420008,0.586741785029729,0.983803563265613,0.132998714504963,0.949092685729017,0.105291933313085,0.0392712947054174,-0.375148115141266,0.057613143196044,0.315970914539637,0,0.394842910667544,0.467833998048676,0.0480124965714138,0.415908113646746,0.701542413503852,0.758261539014593,2.32000117037219,0.661423202598515,0.950350213010029,1.16554942303327,0.539244985860562,1.19942562350461,1.5174348019521,0.529620431630592,1.7299591471688,0.290727841637603,0.255376916436963,0,0.326487095969696,14.5879732391674
"Silverdale, Dyes Inlet",47.6428,-122.6967,0,0,0,0,0.59,3,0,0.71,0,4.5,0.79,1.1,0,4.6,0.79,0.97,3.2,0,0,0,3.8,-0.229236898498506,-0.160755401802192,-0.234492817502003,-0.283694536416717,0.15673412769646,-0.266664806819553,-0.364053743114265,-0.161032283878136,-1.19164778063835,-0.217017050084447,-0.0737049387423333,-0.193644790107457,-0.224736767440554,-0.268690753736834,0.0657555080845911,-0.313362609969728,-0.337966636015821,-0.185435908324517,-0.216105621731545,-0.375148115141266,-0.231966715837948,0,0,0,0,0.264068731142776,0.0773782537017202,0,0.299092051500201,0,0.163892474980163,0.41709814904329,0.337395885614894,0,0.343993084738043,0.599386746771081,0.0832591071559009,0.442899825423959,0,0,0,0.0369072369357048,3.06537154700773
"Skiff Point",47.6614139,-122.498892,0,0,0,0,0,5.3,0,1,1.9,0,0,1.2,0,5.5,0,1.6,4.1,0,0,0,7.5,-0.229236898498506,-0.160755401802192,-0.234492817502003,-0.283694536416717,-0.315388755255776,-0.15543356712333,-0.364053743114265,-0.0388679248146738,0.503737690018248,-0.48041567058828,-0.490803087785624,-0.16297243686974,-0.224736767440554,-0.186787638323014,-0.53363123868649,-0.167659172446901,-0.167620549314298,-0.185435908324517,-0.216105621731545,-0.375148115141266,-0.12692304148248,0,0,0,0,0.736191614095011,0.188609493397943,0,0.421256410563663,1.6953854706566,0.0995061455236704,0,0.368068238852611,0,0.425896200151863,0,0.228962544678727,0.613245912125481,0,0,0,0.141950911291172,4.91907294133674
"Smith Cove, Terminal 91",47.6325,-122.3786,11,0.54,3.4,4.6,2.6,50,5.2,6.5,0,50,5.9,10,0,40,5.5,9.2,21,3.4,8.9,0,60,1.9430631389615,4.59150282665676,1.63004314953918,1.86834185460719,1.76515276283882,2.00632139566848,2.06795995703242,2.27804233328547,-1.19164778063835,2.4462356683432,2.62423372152503,2.53619464804941,-0.224736767440554,2.95283178587341,3.63931446668179,1.59003308973323,3.03110041208096,1.05015741863529,1.04659135398455,-0.375148115141266,1.36356152707483,2.17230003746,4.75225822845895,1.86453596704118,2.15203639102391,1.34434990399959,2.35036445618975,2.43201370014669,2.73816666866381,0,2.82714519340781,3.11503680931065,3.06723532377176,0,3.56551562434829,4.17294570536828,1.98665480685886,3.81196687352074,1.23559332695981,1.26269697571609,0,1.63243547984848,46.4832514720947
"Squaxin Island",47.176735,-122.905337,0,0,0,0,0,2,0,0,1.1,3.3,0,0,0,1.9,0,0.69,1.9,0,0,0.68,2.1,-0.229236898498506,-0.160755401802192,-0.234492817502003,-0.283694536416717,-0.315388755255776,-0.315026215383128,-0.364053743114265,-0.460124335378337,-0.210108823942425,-0.287256682218803,-0.490803087785624,-0.531040675722351,-0.224736767440554,-0.514400099978293,-0.53363123868649,-0.378119693313206,-0.584022094584687,-0.185435908324517,-0.216105621731545,2.17246225399383,-0.280230025676946,0,0,0,0,0.736191614095011,0.0290168451381451,0,0,0.981538956695925,0.0936528428458073,0,0,0,0.0982837384965838,0,0.0185020238124224,0.196844366855093,0,0,2.5476103691351,0.0113560729032938,4.71299682997738
"Suquamish Stormwater Outfall",47.729875,-122.550882,0.44,0,0,0,1.2,3.9,0.43,0.74,0,4.4,0.73,0.85,0,3.5,0.49,1.2,2.3,0,0.62,0,6.6,-0.142344897000106,-0.160755401802192,-0.234492817502003,-0.283694536416717,0.6448611761725,-0.223139539112336,-0.162944917909828,-0.148394591561226,-1.19164778063835,-0.22287035276231,-0.105383279176001,-0.270325673201751,-0.224736767440554,-0.368794561464836,-0.161859712208224,-0.260169291509013,-0.508312722717344,-0.185435908324517,-0.12814246162548,-0.375148115141266,-0.152474205514891,0.0868920014984001,0,0,0,0.224058317333264,0.120903521408938,0.201108825204438,0.31172974381711,0,0.1580391723023,0.385419808609623,0.2607150025206,0,0.243889277010041,0.371771526478265,0.136452425616615,0.272553738722436,0,0.0879631601060649,0,0.116399747258761,2.97789626788686
"Thea Foss Waterway",47.25934,-122.43479,2,0,0,1.1,0,8.2,1.4,1.9,3.2,13,2.3,2.6,0,16,1.5,3.5,11,0,1.8,0,9.4,0.165726744676039,-0.160755401802192,-0.234492817502003,0.230922861436827,-0.315388755255776,-0.0151854822889626,0.290719176155996,0.340262844692623,1.66373827520434,0.280513677533905,0.723533295504968,0.266440508458307,-0.224736767440554,0.768748708171551,0.604444862777588,0.271763893098131,1.13836611539738,-0.185435908324517,0.0392712947054174,-0.375148115141266,-0.0729816951918345,0.394963643174546,0,0,0.514617397853544,0.736191614095011,0.328857578232311,0.654772919270262,0.800387180070959,2.85538605584269,0.661423202598515,1.21433638329059,0.797481184180658,0,1.38143254664643,1.13807610146408,0.66838561022376,1.91923257683715,0,0.255376916436963,0,0.195892257581818,14.5168131677993
"Three Tree Point",47.4485721,-122.3723967,0,0,0,0,0,3.6,0,0,1.5,5.1,0,0.98,0,4.4,0,1.1,3.4,0,0,0,4.9,-0.229236898498506,-0.160755401802192,-0.234492817502003,-0.283694536416717,-0.315388755255776,-0.237647961681408,-0.364053743114265,-0.460124335378337,0.146814433037912,-0.181897234017269,-0.490803087785624,-0.230451613992718,-0.224736767440554,-0.286891446051016,-0.53363123868649,-0.283296821274541,-0.300111950082149,-0.185435908324517,-0.216105621731545,-0.375148115141266,-0.20073751535389,0,0,0,0,0.736191614095011,0.106395098839865,0,0,1.33846221367626,0.199012291047341,0,0.300589061729633,0,0.325792392423861,0,0.113324895851087,0.48075451135763,0,0,0,0.0681364374197627,3.66865851644045
"Tulalip Bay",48.0616613,-122.293939,0,0,0,0,0,4.1,0,0,1.6,4.9,0,0,0,3.3,0,1.4,0,0,0.75,0,6.3,-0.229236898498506,-0.160755401802192,-0.234492817502003,-0.283694536416717,-0.315388755255776,-0.213467257399621,-0.364053743114265,-0.460124335378337,0.236045247282996,-0.193603839372995,-0.490803087785624,-0.531040675722351,-0.224736767440554,-0.386995253779018,-0.53363123868649,-0.213914231977957,-0.943641610954568,-0.185435908324517,-0.109698573216144,-0.375148115141266,-0.160991260192361,0,0,0,0,0.736191614095011,0.130575803121653,0,0,1.42769302792135,0.187305685691615,0,0,0,0.225688584695859,0,0.182707485147671,0.162775149514788,0,0.106407048515401,0,0.107882692581291,3.26722709128464
"Tulalip Reservation",48.069978,-122.300216,0,0,0,0,0,3.2,0,0,1.4,3.6,0,0,0,2.5,0,0.98,2,0,0,0,4.7,-0.229236898498506,-0.160755401802192,-0.234492817502003,-0.283694536416717,-0.315388755255776,-0.256992525106838,-0.364053743114265,-0.460124335378337,0.0575836187928274,-0.269696774185214,-0.490803087785624,-0.531040675722351,-0.224736767440554,-0.459798023035747,-0.53363123868649,-0.311049856993175,-0.565094751617851,-0.185435908324517,-0.216105621731545,-0.375148115141266,-0.206415551805537,0,0,0,0,0.736191614095011,0.0870505354144352,0,0,1.24923139943118,0.111212750879396,0,0,0,0.15288581543913,0,0.0855718601324537,0.215771709821929,0,0,0,0.0624584009681158,2.70037408618165
"West Bay Park",47.052373,-122.9101963,0.9,0,0,0,0,3,0,0,1.3,4,0,0,0,3.5,0,0.8,4.7,0,0,0,4.1,-0.0515032590699607,-0.160755401802192,-0.234492817502003,-0.283694536416717,-0.315388755255776,-0.266664806819553,-0.364053743114265,-0.460124335378337,-0.0316471954522566,-0.246283563473762,-0.490803087785624,-0.531040675722351,-0.224736767440554,-0.368794561464836,-0.53363123868649,-0.352679410571125,-0.0540564915132831,-0.185435908324517,-0.216105621731545,-0.375148115141266,-0.223449661160477,0.177733639428546,0,0,0,0.736191614095011,0.0773782537017202,0,0,1.16000058518609,0.134625961590848,0,0,0,0.243889277010041,0,0.0439423065545033,0.726809969926497,0,0,0,0.0454242916131751,3.34599589910643
"Williams Olson Park",47.6609,-122.5668,0,0,0,0,0,3.2,0,0.6,1.2,4.8,0,0.71,0,3.4,0,1.3,2.1,0,0,0.8,4.3,-0.229236898498506,-0.160755401802192,-0.234492817502003,-0.283694536416717,-0.315388755255776,-0.256992525106838,-0.364053743114265,-0.207370489040139,-0.120878009697341,-0.199457142050858,-0.490803087785624,-0.313266967734556,-0.224736767440554,-0.377894907621927,-0.53363123868649,-0.237041761743485,-0.546167408651015,-0.185435908324517,-0.216105621731545,2.62204055442944,-0.21777162470883,0,0,0,0,0.736191614095011,0.0870505354144352,0,0.252753846338198,1.07076977094101,0.181452383013752,0,0.217773707987795,0,0.23478893085295,0,0.159579955382143,0.234699052788764,0,0,2.9971886695707,0.051102328064822,6.22335079444958
