site_name,latitude,longitude,reporting_area,site_number,sample_id,p450,mercury,arsenic,cadmium,copper,lead,zinc,lmwPAH,PAH16,sumPCB,hmwPAH,sumPAH,PAHgroup,PAHgroup2
Aiston Preserve,48.6793778,-122.6300583,7,77,239,9716178.442,0.033053892,7.245508982,1.652694611,4.94011976,0.177245509,77.24550898,79.13997821,31.65599129,28.00337691,19.48061002,97.40305011,low,low
Aiston Preserve,48.6793778,-122.6300583,7,77,240,1358796.759,0.033053892,7.245508982,1.652694611,4.94011976,0.177245509,77.24550898,79.13997821,31.65599129,28.00337691,19.48061002,97.40305011,low,low
Aiston Preserve,48.6793778,-122.6300583,7,77,241,4914880.479,0.033053892,7.245508982,1.652694611,4.94011976,0.177245509,77.24550898,79.13997821,31.65599129,28.00337691,19.48061002,97.40305011,low,low
Aiston Preserve,48.6793778,-122.6300583,7,77,242,2861585.576,0.033053892,7.245508982,1.652694611,4.94011976,0.177245509,77.24550898,79.13997821,31.65599129,28.00337691,19.48061002,97.40305011,low,low
Hood Canal Holly,47.5706,-122.9717,12,29,106,291624.5775,0.028831169,9.285714286,2.311688312,6.753246753,0.085064935,82.46753247,109.2718894,24.58617512,25.26912442,11.61013825,116.1013825,low,low
Hood Canal Holly,47.5706,-122.9717,12,29,107,1692339.728,0.028831169,9.285714286,2.311688312,6.753246753,0.085064935,82.46753247,109.2718894,24.58617512,25.26912442,11.61013825,116.1013825,low,low
Hood Canal Holly,47.5706,-122.9717,12,29,109,380080.3829,0.028831169,9.285714286,2.311688312,6.753246753,0.085064935,82.46753247,109.2718894,24.58617512,25.26912442,11.61013825,116.1013825,low,low
Jamestown,48.024789,-122.998135,6,2,82,2974825.251,0.031847134,8.789808917,1.872611465,7.388535032,0.175159236,78.98089172,106.0614263,31.15554399,39.11015096,15.24633004,119.3191046,low,low
Jamestown,48.024789,-122.998135,6,2,87,2874749.561,0.031847134,8.789808917,1.872611465,7.388535032,0.175159236,78.98089172,106.0614263,31.15554399,39.11015096,15.24633004,119.3191046,low,low
Jamestown,48.024789,-122.998135,6,2,83,4846845.298,0.031847134,8.789808917,1.872611465,7.388535032,0.175159236,78.98089172,106.0614263,31.15554399,39.11015096,15.24633004,119.3191046,low,low
Jamestown,48.024789,-122.998135,6,2,84,2235572.381,0.031847134,8.789808917,1.872611465,7.388535032,0.175159236,78.98089172,106.0614263,31.15554399,39.11015096,15.24633004,119.3191046,low,low
Jamestown,48.024789,-122.998135,6,2,85,3342764.583,0.031847134,8.789808917,1.872611465,7.388535032,0.175159236,78.98089172,106.0614263,31.15554399,39.11015096,15.24633004,119.3191046,low,low
Jamestown,48.024789,-122.998135,6,2,86,2775717.403,0.031847134,8.789808917,1.872611465,7.388535032,0.175159236,78.98089172,106.0614263,31.15554399,39.11015096,15.24633004,119.3191046,low,low
Broad Spit (Fisherman's Point),47.78184,-122.83474,12,30,269,1266434.187,-0.0257,7.712418301,2.058823529,5.058823529,0.069934641,67.97385621,107.1669458,35.49905081,30.14070352,18.75421552,127.2607482,low,low
Broad Spit (Fisherman's Point),47.78184,-122.83474,12,30,270,1677282.934,-0.0257,7.712418301,2.058823529,5.058823529,0.069934641,67.97385621,107.1669458,35.49905081,30.14070352,18.75421552,127.2607482,low,low
Broad Spit (Fisherman's Point),47.78184,-122.83474,12,30,271,4814193.5,-0.0257,7.712418301,2.058823529,5.058823529,0.069934641,67.97385621,107.1669458,35.49905081,30.14070352,18.75421552,127.2607482,low,low
Broad Spit (Fisherman's Point),47.78184,-122.83474,12,30,272,1386295.483,-0.0257,7.712418301,2.058823529,5.058823529,0.069934641,67.97385621,107.1669458,35.49905081,30.14070352,18.75421552,127.2607482,low,low
Maristone Island,48.018127,-122.699524,9,11,307,2150183.216,0.031351351,8.783783784,2.087837838,5.871621622,0.168243243,81.08108108,112.8883904,41.62759394,36.68872686,23.98878295,134.0549635,low,low
Maristone Island,48.018127,-122.699524,9,11,308,5028928.727,0.031351351,8.783783784,2.087837838,5.871621622,0.168243243,81.08108108,112.8883904,41.62759394,36.68872686,23.98878295,134.0549635,low,low
Maristone Island,48.018127,-122.699524,9,11,309,5113634.72,0.031351351,8.783783784,2.087837838,5.871621622,0.168243243,81.08108108,112.8883904,41.62759394,36.68872686,23.98878295,134.0549635,low,low
Maristone Island,48.018127,-122.699524,9,11,310,11969753.87,0.031351351,8.783783784,2.087837838,5.871621622,0.168243243,81.08108108,112.8883904,41.62759394,36.68872686,23.98878295,134.0549635,low,low
Maristone Island,48.018127,-122.699524,9,11,311,1925814.333,0.031351351,8.783783784,2.087837838,5.871621622,0.168243243,81.08108108,112.8883904,41.62759394,36.68872686,23.98878295,134.0549635,low,low
Maristone Island,48.018127,-122.699524,9,11,312,2078574.506,0.031351351,8.783783784,2.087837838,5.871621622,0.168243243,81.08108108,112.8883904,41.62759394,36.68872686,23.98878295,134.0549635,low,low
Oak Bay County Park,48.02218,-122.728709,9,10,88,2227397.544,0.036,8.121212121,1.890909091,5.527272727,0.183030303,73.93939394,102.5963489,47.45081136,36.54994929,33.98504057,141.0699797,low,low
Oak Bay County Park,48.02218,-122.728709,9,10,89,3074510.978,0.036,8.121212121,1.890909091,5.527272727,0.183030303,73.93939394,102.5963489,47.45081136,36.54994929,33.98504057,141.0699797,low,low
Oak Bay County Park,48.02218,-122.728709,9,10,90,2424308.25,0.036,8.121212121,1.890909091,5.527272727,0.183030303,73.93939394,102.5963489,47.45081136,36.54994929,33.98504057,141.0699797,low,low
Oak Bay County Park,48.02218,-122.728709,9,10,91,1614686.09,0.036,8.121212121,1.890909091,5.527272727,0.183030303,73.93939394,102.5963489,47.45081136,36.54994929,33.98504057,141.0699797,low,low
Kopachuck State Park,47.30973,-122.68868,13,52,249,7962916.9,0.040065359,8.366013072,2.078431373,5.470588235,0.173856209,84.31372549,87.71591992,59.37693041,43.18322212,53.97902765,141.6949476,low,low
Kopachuck State Park,47.30973,-122.68868,13,52,250,9304019.663,0.040065359,8.366013072,2.078431373,5.470588235,0.173856209,84.31372549,87.71591992,59.37693041,43.18322212,53.97902765,141.6949476,low,low
Kopachuck State Park,47.30973,-122.68868,13,52,251,2452740.173,0.040065359,8.366013072,2.078431373,5.470588235,0.173856209,84.31372549,87.71591992,59.37693041,43.18322212,53.97902765,141.6949476,low,low
Kopachuck State Park,47.30973,-122.68868,13,52,253,8335261.529,0.040065359,8.366013072,2.078431373,5.470588235,0.173856209,84.31372549,87.71591992,59.37693041,43.18322212,53.97902765,141.6949476,low,low
Locust Beach,48.77636877,-122.5378679,7,76,235,1911450.926,0.031280488,8.963414634,1.774390244,6.829268293,0.25,82.92682927,121.6041553,46.08157463,28.80098414,27.5209404,147.2050301,low,low
Locust Beach,48.77636877,-122.5378679,7,76,236,2007311.21,0.031280488,8.963414634,1.774390244,6.829268293,0.25,82.92682927,121.6041553,46.08157463,28.80098414,27.5209404,147.2050301,low,low
Locust Beach,48.77636877,-122.5378679,7,76,237,3303875.928,0.031280488,8.963414634,1.774390244,6.829268293,0.25,82.92682927,121.6041553,46.08157463,28.80098414,27.5209404,147.2050301,low,low
Locust Beach,48.77636877,-122.5378679,7,76,238,2252563.285,0.031280488,8.963414634,1.774390244,6.829268293,0.25,82.92682927,121.6041553,46.08157463,28.80098414,27.5209404,147.2050301,low,low
Raft Island Park,47.32598,-122.66724,13,53,220,3033147.325,0.035714286,8.095238095,2.115646259,7.755102041,0.218367347,80.95238095,91.46345811,70.35650624,43.62103387,61.91372549,147.7486631,low,low
Raft Island Park,47.32598,-122.66724,13,53,218,6066970.935,0.035714286,8.095238095,2.115646259,7.755102041,0.218367347,80.95238095,91.46345811,70.35650624,43.62103387,61.91372549,147.7486631,low,low
Raft Island Park,47.32598,-122.66724,13,53,219,6061146.136,0.035714286,8.095238095,2.115646259,7.755102041,0.218367347,80.95238095,91.46345811,70.35650624,43.62103387,61.91372549,147.7486631,low,low
Raft Island Park,47.32598,-122.66724,13,53,221,1581058.797,0.035714286,8.095238095,2.115646259,7.755102041,0.218367347,80.95238095,91.46345811,70.35650624,43.62103387,61.91372549,147.7486631,low,low
Filucy Bay,47.19483,-122.748665,13,59,174,12472187.71,0.042352941,8.117647059,1.741176471,5.747058824,0.228823529,77.64705882,88.96386823,65.24017003,54.56450584,59.30924548,148.2731137,low,low
Filucy Bay,47.19483,-122.748665,13,59,175,6726341.292,0.042352941,8.117647059,1.741176471,5.747058824,0.228823529,77.64705882,88.96386823,65.24017003,54.56450584,59.30924548,148.2731137,low,low
Filucy Bay,47.19483,-122.748665,13,59,176,13491947.47,0.042352941,8.117647059,1.741176471,5.747058824,0.228823529,77.64705882,88.96386823,65.24017003,54.56450584,59.30924548,148.2731137,low,low
Filucy Bay,47.19483,-122.748665,13,59,177,10820612.01,0.042352941,8.117647059,1.741176471,5.747058824,0.228823529,77.64705882,88.96386823,65.24017003,54.56450584,59.30924548,148.2731137,low,low
Purdy - Dexters,47.38566,-122.627255,13,57,145,5961109.649,0.039122807,9.18128655,1.935672515,5.906432749,0.198245614,87.71929825,91.78878428,68.84158821,44.74703234,57.36799018,149.1567745,low,low
Purdy - Dexters,47.38566,-122.627255,13,57,146,5111770.767,0.039122807,9.18128655,1.935672515,5.906432749,0.198245614,87.71929825,91.78878428,68.84158821,44.74703234,57.36799018,149.1567745,low,low
Purdy - Dexters,47.38566,-122.627255,13,57,147,3923932.654,0.039122807,9.18128655,1.935672515,5.906432749,0.198245614,87.71929825,91.78878428,68.84158821,44.74703234,57.36799018,149.1567745,low,low
Purdy - Dexters,47.38566,-122.627255,13,57,148,3318363.023,0.039122807,9.18128655,1.935672515,5.906432749,0.198245614,87.71929825,91.78878428,68.84158821,44.74703234,57.36799018,149.1567745,low,low
Penn Cove Reference,48.21423,-122.718972,8.1,3,41,1820616.389,0.046319444,10,2.256944444,6.75,0.233333333,88.19444444,109.7256294,64.37236927,34.38069722,46.81626856,160.9309232,low,low
Penn Cove Reference,48.21423,-122.718972,8.1,3,42,3013774.793,0.046319444,10,2.256944444,6.75,0.233333333,88.19444444,109.7256294,64.37236927,34.38069722,46.81626856,160.9309232,low,low
Penn Cove Reference,48.21423,-122.718972,8.1,3,43,956165.3963,0.046319444,10,2.256944444,6.75,0.233333333,88.19444444,109.7256294,64.37236927,34.38069722,46.81626856,160.9309232,low,low
Penn Cove Reference,48.21423,-122.718972,8.1,3,44,3372680.626,0.046319444,10,2.256944444,6.75,0.233333333,88.19444444,109.7256294,64.37236927,34.38069722,46.81626856,160.9309232,low,low
Minter Bay,47.3539722,-122.69175,13,55,180,11216181.9,0.037051282,9.487179487,2.256410256,8.397435897,0.264102564,100,98.68622449,78.94897959,42.10612245,65.79081633,164.4770408,low,low
Minter Bay,47.3539722,-122.69175,13,55,178,5146723.322,0.037051282,9.487179487,2.256410256,8.397435897,0.264102564,100,98.68622449,78.94897959,42.10612245,65.79081633,164.4770408,low,low
Minter Bay,47.3539722,-122.69175,13,55,179,6537217.569,0.037051282,9.487179487,2.256410256,8.397435897,0.264102564,100,98.68622449,78.94897959,42.10612245,65.79081633,164.4770408,low,low
Minter Bay,47.3539722,-122.69175,13,55,181,9219025.002,0.037051282,9.487179487,2.256410256,8.397435897,0.264102564,100,98.68622449,78.94897959,42.10612245,65.79081633,164.4770408,low,low
North Camano,48.255358,-122.507014,8.1,7,303,8854710.291,0.045581395,9.069767442,1.76744186,6.686046512,0.265697674,75,107.9148418,63.47931873,26.66131387,54.59221411,165.0462287,low,low
North Camano,48.255358,-122.507014,8.1,7,304,32449887.32,0.045581395,9.069767442,1.76744186,6.686046512,0.265697674,75,107.9148418,63.47931873,26.66131387,54.59221411,165.0462287,low,low
North Camano,48.255358,-122.507014,8.1,7,305,5141533.342,0.045581395,9.069767442,1.76744186,6.686046512,0.265697674,75,107.9148418,63.47931873,26.66131387,54.59221411,165.0462287,low,low
North Camano,48.255358,-122.507014,8.1,7,306,3249105.519,0.045581395,9.069767442,1.76744186,6.686046512,0.265697674,75,107.9148418,63.47931873,26.66131387,54.59221411,165.0462287,low,low
Chimacum Creek delta,48.04906,-122.7724,9,8,100,2951353.397,0.032647059,8.352941176,1.835294118,30.47058824,0.291764706,94.70588235,112.3062201,68.63157895,29.32440191,56.77703349,168.4593301,low,low
Chimacum Creek delta,48.04906,-122.7724,9,8,101,1782911.97,0.032647059,8.352941176,1.835294118,30.47058824,0.291764706,94.70588235,112.3062201,68.63157895,29.32440191,56.77703349,168.4593301,low,low
Chimacum Creek delta,48.04906,-122.7724,9,8,102,2742036.848,0.032647059,8.352941176,1.835294118,30.47058824,0.291764706,94.70588235,112.3062201,68.63157895,29.32440191,56.77703349,168.4593301,low,low
Chimacum Creek delta,48.04906,-122.7724,9,8,103,3088892.791,0.032647059,8.352941176,1.835294118,30.47058824,0.291764706,94.70588235,112.3062201,68.63157895,29.32440191,56.77703349,168.4593301,low,low
Eld Inlet,47.074603,-123.003527,13,72,186,5090880.532,0.028563218,8.850574713,1.712643678,6.206896552,0.250574713,91.95402299,96.52394366,64.34929577,42.36328638,75.0741784,171.5981221,low,low
Eld Inlet,47.074603,-123.003527,13,72,187,1009808.987,0.028563218,8.850574713,1.712643678,6.206896552,0.250574713,91.95402299,96.52394366,64.34929577,42.36328638,75.0741784,171.5981221,low,low
Eld Inlet,47.074603,-123.003527,13,72,188,16612698.02,0.028563218,8.850574713,1.712643678,6.206896552,0.250574713,91.95402299,96.52394366,64.34929577,42.36328638,75.0741784,171.5981221,low,low
Eld Inlet,47.074603,-123.003527,13,72,189,16495985.01,0.028563218,8.850574713,1.712643678,6.206896552,0.250574713,91.95402299,96.52394366,64.34929577,42.36328638,75.0741784,171.5981221,low,low
Squaxin Island,47.17650485,-122.9046464,13,38,198,9659247.354,0.032356688,8.21656051,2.286624204,6.369426752,0.181528662,89.17197452,97.10393258,71.20955056,35.60477528,77.68314607,174.7870787,low,low
Squaxin Island,47.17650485,-122.9046464,13,38,199,5609583.919,0.032356688,8.21656051,2.286624204,6.369426752,0.181528662,89.17197452,97.10393258,71.20955056,35.60477528,77.68314607,174.7870787,low,low
Squaxin Island,47.17650485,-122.9046464,13,38,200,6607121.565,0.032356688,8.21656051,2.286624204,6.369426752,0.181528662,89.17197452,97.10393258,71.20955056,35.60477528,77.68314607,174.7870787,low,low
Squaxin Island,47.17650485,-122.9046464,13,38,201,2867681.855,0.032356688,8.21656051,2.286624204,6.369426752,0.181528662,89.17197452,97.10393258,71.20955056,35.60477528,77.68314607,174.7870787,low,low
Maple Hollow Park,47.30008,-122.74566,13,51,202,5080836.143,0.039679487,9.679487179,2.237179487,5.698717949,0.159615385,89.74358974,111.2345679,71.97530864,49.07407407,64.77777778,176.6666667,low,low
Maple Hollow Park,47.30008,-122.74566,13,51,203,34233996.15,0.039679487,9.679487179,2.237179487,5.698717949,0.159615385,89.74358974,111.2345679,71.97530864,49.07407407,64.77777778,176.6666667,low,low
Maple Hollow Park,47.30008,-122.74566,13,51,204,1210308.55,0.039679487,9.679487179,2.237179487,5.698717949,0.159615385,89.74358974,111.2345679,71.97530864,49.07407407,64.77777778,176.6666667,low,low
Chambers Bay Park,47.1905742,-122.5834897,13,56,127,22777074.12,0.029244186,8.081395349,1.790697674,5.372093023,0.229069767,83.72093023,106.1754685,70.78364566,45.41950596,76.68228279,182.8577513,low,low
Chambers Bay Park,47.1905742,-122.5834897,13,56,128,3578424.227,0.029244186,8.081395349,1.790697674,5.372093023,0.229069767,83.72093023,106.1754685,70.78364566,45.41950596,76.68228279,182.8577513,low,low
Chambers Bay Park,47.1905742,-122.5834897,13,56,129,4479918.422,0.029244186,8.081395349,1.790697674,5.372093023,0.229069767,83.72093023,106.1754685,70.78364566,45.41950596,76.68228279,182.8577513,low,low
Chambers Bay Park,47.1905742,-122.5834897,13,56,130,4173684.324,0.029244186,8.081395349,1.790697674,5.372093023,0.229069767,83.72093023,106.1754685,70.78364566,45.41950596,76.68228279,182.8577513,low,low
Reach Island,47.346537,-122.82236,13,39,273,7180437.579,0.02497006,9.341317365,2.041916168,9.041916168,0.158682635,105.988024,110.9241803,81.73360656,30.35819672,81.73360656,192.6577869,low,low
Reach Island,47.346537,-122.82236,13,39,274,7550633.228,0.02497006,9.341317365,2.041916168,9.041916168,0.158682635,105.988024,110.9241803,81.73360656,30.35819672,81.73360656,192.6577869,low,low
Reach Island,47.346537,-122.82236,13,39,275,1944973.493,0.02497006,9.341317365,2.041916168,9.041916168,0.158682635,105.988024,110.9241803,81.73360656,30.35819672,81.73360656,192.6577869,low,low
Reach Island,47.346537,-122.82236,13,39,276,6208335.517,0.02497006,9.341317365,2.041916168,9.041916168,0.158682635,105.988024,110.9241803,81.73360656,30.35819672,81.73360656,192.6577869,low,low
Meyer's Point - Henderson Inlet,47.11795,-122.83359,13,71,65,3127318.578,0.035133333,7.8,1.986666667,5.773333333,0.204666667,75.33333333,148.6940299,66.16884328,56.50373134,52.7863806,200.7369403,low,mid
Meyer's Point - Henderson Inlet,47.11795,-122.83359,13,71,66,2281891.641,0.035133333,7.8,1.986666667,5.773333333,0.204666667,75.33333333,148.6940299,66.16884328,56.50373134,52.7863806,200.7369403,low,mid
Meyer's Point - Henderson Inlet,47.11795,-122.83359,13,71,67,935925.8221,0.035133333,7.8,1.986666667,5.773333333,0.204666667,75.33333333,148.6940299,66.16884328,56.50373134,52.7863806,200.7369403,low,mid
Meyer's Point - Henderson Inlet,47.11795,-122.83359,13,71,68,2665541.551,0.035133333,7.8,1.986666667,5.773333333,0.204666667,75.33333333,148.6940299,66.16884328,56.50373134,52.7863806,200.7369403,low,mid
Penrose Point State Park,47.2619,-122.7376,13,50,9,7519523.24,0.037452229,8.853503185,1.98089172,6.089171975,0.161783439,89.17197452,125.4241683,85.8165362,50.16966732,85.8165362,204.6394325,low,mid
Penrose Point State Park,47.2619,-122.7376,13,50,10,2798616.172,0.037452229,8.853503185,1.98089172,6.089171975,0.161783439,89.17197452,125.4241683,85.8165362,50.16966732,85.8165362,204.6394325,low,mid
Penrose Point State Park,47.2619,-122.7376,13,50,11,9112234.612,0.037452229,8.853503185,1.98089172,6.089171975,0.161783439,89.17197452,125.4241683,85.8165362,50.16966732,85.8165362,204.6394325,low,mid
Penrose Point State Park,47.2619,-122.7376,13,50,12,10820981.27,0.037452229,8.853503185,1.98089172,6.089171975,0.161783439,89.17197452,125.4241683,85.8165362,50.16966732,85.8165362,204.6394325,low,mid
"Chuckanut, Clark's Point",48.68975,-122.50434,7,74,25,4394757.107,0.035138122,7.513812155,1.602209945,9.889502762,0.238121547,87.29281768,131.9775561,80.33416459,31.55985037,74.59600998,206.5735661,low,mid
"Chuckanut, Clark's Point",48.68975,-122.50434,7,74,26,2351039.245,0.035138122,7.513812155,1.602209945,9.889502762,0.238121547,87.29281768,131.9775561,80.33416459,31.55985037,74.59600998,206.5735661,low,mid
"Chuckanut, Clark's Point",48.68975,-122.50434,7,74,27,3154062.109,0.035138122,7.513812155,1.602209945,9.889502762,0.238121547,87.29281768,131.9775561,80.33416459,31.55985037,74.59600998,206.5735661,low,mid
"Chuckanut, Clark's Point",48.68975,-122.50434,7,74,28,1063513.081,0.035138122,7.513812155,1.602209945,9.889502762,0.238121547,87.29281768,131.9775561,80.33416459,31.55985037,74.59600998,206.5735661,low,mid
"Purdy, Burley Lagoon",47.386977,-122.6367089,13,47,74,3561413.583,0.035906433,9.005847953,1.842105263,6.549707602,0.246783626,90.64327485,129.2528008,86.16853385,59.08699464,86.16853385,215.4213346,low,mid
"Purdy, Burley Lagoon",47.386977,-122.6367089,13,47,75,4065347.042,0.035906433,9.005847953,1.842105263,6.549707602,0.246783626,90.64327485,129.2528008,86.16853385,59.08699464,86.16853385,215.4213346,low,mid
"Purdy, Burley Lagoon",47.386977,-122.6367089,13,47,76,1243697.714,0.035906433,9.005847953,1.842105263,6.549707602,0.246783626,90.64327485,129.2528008,86.16853385,59.08699464,86.16853385,215.4213346,low,mid
"Purdy, Burley Lagoon",47.386977,-122.6367089,13,47,77,6878481.422,0.035906433,9.005847953,1.842105263,6.549707602,0.246783626,90.64327485,129.2528008,86.16853385,59.08699464,86.16853385,215.4213346,low,mid
Discovery Bay,48.064957,-122.857524,6,12,162,5436068.044,0.032568306,8.524590164,1.928961749,5.628415301,0.209836066,92.34972678,136.5052112,117.6769062,16.94547449,98.84860121,235.3538124,low,mid
Discovery Bay,48.064957,-122.857524,6,12,163,5773097.603,0.032568306,8.524590164,1.928961749,5.628415301,0.209836066,92.34972678,136.5052112,117.6769062,16.94547449,98.84860121,235.3538124,low,mid
Discovery Bay,48.064957,-122.857524,6,12,164,1513620.949,0.032568306,8.524590164,1.928961749,5.628415301,0.209836066,92.34972678,136.5052112,117.6769062,16.94547449,98.84860121,235.3538124,low,mid
Discovery Bay,48.064957,-122.857524,6,12,165,3207157.892,0.032568306,8.524590164,1.928961749,5.628415301,0.209836066,92.34972678,136.5052112,117.6769062,16.94547449,98.84860121,235.3538124,low,mid
Tulalip Reservation,48.0697859,-122.2997764,8.2,70,193,2520935.427,0.031097561,7.743902439,1.835365854,5.853658537,0.201219512,68.29268293,135.5879237,123.7976695,29.47563559,117.9025424,253.4904661,mid,mid
Tulalip Reservation,48.0697859,-122.2997764,8.2,70,192,4598259.843,0.031097561,7.743902439,1.835365854,5.853658537,0.201219512,68.29268293,135.5879237,123.7976695,29.47563559,117.9025424,253.4904661,mid,mid
Tulalip Reservation,48.0697859,-122.2997764,8.2,70,190,9509258.245,0.031097561,7.743902439,1.835365854,5.853658537,0.201219512,68.29268293,135.5879237,123.7976695,29.47563559,117.9025424,253.4904661,mid,mid
Tulalip Reservation,48.0697859,-122.2997764,8.2,70,191,3760565.538,0.031097561,7.743902439,1.835365854,5.853658537,0.201219512,68.29268293,135.5879237,123.7976695,29.47563559,117.9025424,253.4904661,mid,mid
Madrona Pont,47.57995505,-122.6786,10,28,154,6650989.658,0.030568182,8.75,1.721590909,5.670454545,0.511363636,85.22727273,138.6095821,108.4770642,72.31804281,120.5300714,259.1396534,mid,mid
Madrona Pont,47.57995505,-122.6786,10,28,153,11889909.51,0.030568182,8.75,1.721590909,5.670454545,0.511363636,85.22727273,138.6095821,108.4770642,72.31804281,120.5300714,259.1396534,mid,mid
Madrona Pont,47.57995505,-122.6786,10,28,155,3417932.42,0.030568182,8.75,1.721590909,5.670454545,0.511363636,85.22727273,138.6095821,108.4770642,72.31804281,120.5300714,259.1396534,mid,mid
Madrona Pont,47.57995505,-122.6786,10,28,156,6111407.362,0.030568182,8.75,1.721590909,5.670454545,0.511363636,85.22727273,138.6095821,108.4770642,72.31804281,120.5300714,259.1396534,mid,mid
Kingston Marina,47.794695,-122.499858,10,36,167,7415597.328,0.048145695,8.145695364,1.933774834,5.649006623,0.219205298,82.78145695,149.5060052,123.5049608,49.40198433,123.5049608,273.0109661,mid,mid
Kingston Marina,47.794695,-122.499858,10,36,166,2382760.203,0.048145695,8.145695364,1.933774834,5.649006623,0.219205298,82.78145695,149.5060052,123.5049608,49.40198433,123.5049608,273.0109661,mid,mid
Kingston Marina,47.794695,-122.499858,10,36,168,4668353.64,0.048145695,8.145695364,1.933774834,5.649006623,0.219205298,82.78145695,149.5060052,123.5049608,49.40198433,123.5049608,273.0109661,mid,mid
Kingston Marina,47.794695,-122.499858,10,36,169,7376507.593,0.048145695,8.145695364,1.933774834,5.649006623,0.219205298,82.78145695,149.5060052,123.5049608,49.40198433,123.5049608,273.0109661,mid,mid
Lions Park,47.5833538,-122.6414587,10,37,299,8242276.652,0.0365,8.5625,1.925,6.16875,0.34875,94.375,157.9597031,118.4697773,85.56150583,131.6330859,289.592789,mid,mid
Lions Park,47.5833538,-122.6414587,10,37,300,8603570.336,0.0365,8.5625,1.925,6.16875,0.34875,94.375,157.9597031,118.4697773,85.56150583,131.6330859,289.592789,mid,mid
Lions Park,47.5833538,-122.6414587,10,37,301,2556546.506,0.0365,8.5625,1.925,6.16875,0.34875,94.375,157.9597031,118.4697773,85.56150583,131.6330859,289.592789,mid,mid
Lions Park,47.5833538,-122.6414587,10,37,302,6090271.547,0.0365,8.5625,1.925,6.16875,0.34875,94.375,157.9597031,118.4697773,85.56150583,131.6330859,289.592789,mid,mid
Miller Creek,47.4436,-122.360316,11,20,233,8815608.939,0.041595092,8.711656442,1.969325153,5.355828221,0.235582822,87.73006135,171.5772708,114.3848472,54.01506672,120.7395609,292.3168317,mid,mid
Miller Creek,47.4436,-122.360316,11,20,234,18090510.68,0.041595092,8.711656442,1.969325153,5.355828221,0.235582822,87.73006135,171.5772708,114.3848472,54.01506672,120.7395609,292.3168317,mid,mid
Miller Creek,47.4436,-122.360316,11,20,231,5993436.247,0.041595092,8.711656442,1.969325153,5.355828221,0.235582822,87.73006135,171.5772708,114.3848472,54.01506672,120.7395609,292.3168317,mid,mid
Miller Creek,47.4436,-122.360316,11,20,232,30697269.95,0.041595092,8.711656442,1.969325153,5.355828221,0.235582822,87.73006135,171.5772708,114.3848472,54.01506672,120.7395609,292.3168317,mid,mid
S of Skunk Island,48.02667,-122.75076,9,9,13,2931739.411,0.028685714,8,1.748571429,5.702857143,0.462285714,76,162.156563,144.1391671,28.22725356,132.1275698,294.2841328,mid,mid
S of Skunk Island,48.02667,-122.75076,9,9,14,8066086.487,0.028685714,8,1.748571429,5.702857143,0.462285714,76,162.156563,144.1391671,28.22725356,132.1275698,294.2841328,mid,mid
S of Skunk Island,48.02667,-122.75076,9,9,16,1279969.501,0.028685714,8,1.748571429,5.702857143,0.462285714,76,162.156563,144.1391671,28.22725356,132.1275698,294.2841328,mid,mid
Williams Olson Park,47.66586,-122.56698,10,26,252,5178289.976,0.0308,8.571428571,1.662857143,10.17142857,0.349142857,86.85714286,144.601467,150.6265281,58.44309291,156.6515892,301.2530562,mid,mid
Williams Olson Park,47.66586,-122.56698,10,26,254,1570655.683,0.0308,8.571428571,1.662857143,10.17142857,0.349142857,86.85714286,144.601467,150.6265281,58.44309291,156.6515892,301.2530562,mid,mid
Williams Olson Park,47.66586,-122.56698,10,26,255,1267046.112,0.0308,8.571428571,1.662857143,10.17142857,0.349142857,86.85714286,144.601467,150.6265281,58.44309291,156.6515892,301.2530562,mid,mid
Williams Olson Park,47.66586,-122.56698,10,26,256,4252322.006,0.0308,8.571428571,1.662857143,10.17142857,0.349142857,86.85714286,144.601467,150.6265281,58.44309291,156.6515892,301.2530562,mid,mid
Rocky Point,47.60255,-122.66992,10,27,295,25070825.1,0.03422619,8.69047619,2,6.130952381,0.411904762,101.1904762,176.5702934,133.9498778,85.2408313,133.9498778,310.5201711,mid,mid
Rocky Point,47.60255,-122.66992,10,27,296,1980530.542,0.03422619,8.69047619,2,6.130952381,0.411904762,101.1904762,176.5702934,133.9498778,85.2408313,133.9498778,310.5201711,mid,mid
Rocky Point,47.60255,-122.66992,10,27,297,7956123.397,0.03422619,8.69047619,2,6.130952381,0.411904762,101.1904762,176.5702934,133.9498778,85.2408313,133.9498778,310.5201711,mid,mid
Rocky Point,47.60255,-122.66992,10,27,298,2871726.43,0.03422619,8.69047619,2,6.130952381,0.411904762,101.1904762,176.5702934,133.9498778,85.2408313,133.9498778,310.5201711,mid,mid
Three Tree Point,47.44896,-122.372267,11,22,277,8438404.147,0.029310345,8.448275862,1.74137931,6.034482759,0.186781609,86.20689655,176.7345924,129.6053678,48.30745527,141.387674,312.2311133,mid,mid
Three Tree Point,47.44896,-122.372267,11,22,278,9704454.95,0.029310345,8.448275862,1.74137931,6.034482759,0.186781609,86.20689655,176.7345924,129.6053678,48.30745527,141.387674,312.2311133,mid,mid
Three Tree Point,47.44896,-122.372267,11,22,279,10493027.31,0.029310345,8.448275862,1.74137931,6.034482759,0.186781609,86.20689655,176.7345924,129.6053678,48.30745527,141.387674,312.2311133,mid,mid
Three Tree Point,47.44896,-122.372267,11,22,280,2838172.898,0.029310345,8.448275862,1.74137931,6.034482759,0.186781609,86.20689655,176.7345924,129.6053678,48.30745527,141.387674,312.2311133,mid,mid
"Cherry Point Aquatic Reserve, Conoco Phillips",48.8208,-122.7101,7,75,34,2992400.261,0.033045977,7.931034483,1.902298851,5.304597701,0.192528736,73.56321839,169.0270946,126.770321,39.23843268,150.9170488,325.9808253,mid,mid
"Cherry Point Aquatic Reserve, Conoco Phillips",48.8208,-122.7101,7,75,33,4058829.908,0.033045977,7.931034483,1.902298851,5.304597701,0.192528736,73.56321839,169.0270946,126.770321,39.23843268,150.9170488,325.9808253,mid,mid
"Cherry Point Aquatic Reserve, Conoco Phillips",48.8208,-122.7101,7,75,35,3977529.473,0.033045977,7.931034483,1.902298851,5.304597701,0.192528736,73.56321839,169.0270946,126.770321,39.23843268,150.9170488,325.9808253,mid,mid
"Cherry Point Aquatic Reserve, Conoco Phillips",48.8208,-122.7101,7,75,36,3836040.833,0.033045977,7.931034483,1.902298851,5.304597701,0.192528736,73.56321839,169.0270946,126.770321,39.23843268,150.9170488,325.9808253,mid,mid
Rich Passage,47.578117,-122.524833,10,32,170,1476766.089,0.033011364,8.465909091,1.710227273,7.102272727,0.303409091,89.20454545,190.2926293,142.7194719,71.35973597,142.7194719,338.9587459,mid,mid
Rich Passage,47.578117,-122.524833,10,32,171,11738655.54,0.033011364,8.465909091,1.710227273,7.102272727,0.303409091,89.20454545,190.2926293,142.7194719,71.35973597,142.7194719,338.9587459,mid,mid
Rich Passage,47.578117,-122.524833,10,32,172,2880896.804,0.033011364,8.465909091,1.710227273,7.102272727,0.303409091,89.20454545,190.2926293,142.7194719,71.35973597,142.7194719,338.9587459,mid,mid
Rich Passage,47.578117,-122.524833,10,32,173,4148180.202,0.033011364,8.465909091,1.710227273,7.102272727,0.303409091,89.20454545,190.2926293,142.7194719,71.35973597,142.7194719,338.9587459,mid,mid
Tulalip Bay,48.0617,-122.2939,8.2,67,135,6050177.064,0.041572327,8.867924528,1.981132075,7.547169811,0.264779874,69.81132075,188.1792941,181.6903529,46.07148235,168.7124706,356.8917647,mid,mid
Tulalip Bay,48.0617,-122.2939,8.2,67,140,5420960.261,0.041572327,8.867924528,1.981132075,7.547169811,0.264779874,69.81132075,188.1792941,181.6903529,46.07148235,168.7124706,356.8917647,mid,mid
Tulalip Bay,48.0617,-122.2939,8.2,67,136,3475076.688,0.041572327,8.867924528,1.981132075,7.547169811,0.264779874,69.81132075,188.1792941,181.6903529,46.07148235,168.7124706,356.8917647,mid,mid
Tulalip Bay,48.0617,-122.2939,8.2,67,137,7541125.753,0.041572327,8.867924528,1.981132075,7.547169811,0.264779874,69.81132075,188.1792941,181.6903529,46.07148235,168.7124706,356.8917647,mid,mid
Tulalip Bay,48.0617,-122.2939,8.2,67,138,5438127.301,0.041572327,8.867924528,1.981132075,7.547169811,0.264779874,69.81132075,188.1792941,181.6903529,46.07148235,168.7124706,356.8917647,mid,mid
Tulalip Bay,48.0617,-122.2939,8.2,67,139,4707732.41,0.041572327,8.867924528,1.981132075,7.547169811,0.264779874,69.81132075,188.1792941,181.6903529,46.07148235,168.7124706,356.8917647,mid,mid
"Silverdale, Dyes Inlet",47.6427936,-122.6967068,10,35,47,1494268.126,0.039245283,9.496855346,1.86163522,7.86163522,0.468553459,82.38993711,212.4762443,137.081448,95.95701357,150.7895928,363.2658371,mid,mid
"Silverdale, Dyes Inlet",47.6427936,-122.6967068,10,35,45,958896.736,0.039245283,9.496855346,1.86163522,7.86163522,0.468553459,82.38993711,212.4762443,137.081448,95.95701357,150.7895928,363.2658371,mid,mid
"Silverdale, Dyes Inlet",47.6427936,-122.6967068,10,35,46,1900324.089,0.039245283,9.496855346,1.86163522,7.86163522,0.468553459,82.38993711,212.4762443,137.081448,95.95701357,150.7895928,363.2658371,mid,mid
"Silverdale, Dyes Inlet",47.6427936,-122.6967068,10,35,48,1326495.432,0.039245283,9.496855346,1.86163522,7.86163522,0.468553459,82.38993711,212.4762443,137.081448,95.95701357,150.7895928,363.2658371,mid,mid
"Manchester, Stormwater Outfall",47.55622,-122.54281,10,33,261,12587429.83,0.029810127,8.164556962,1.930379747,5.113924051,0.270253165,83.5443038,198.3929511,171.0284061,55.41320358,171.0284061,369.4213572,mid,mid
"Manchester, Stormwater Outfall",47.55622,-122.54281,10,33,262,11029903.1,0.029810127,8.164556962,1.930379747,5.113924051,0.270253165,83.5443038,198.3929511,171.0284061,55.41320358,171.0284061,369.4213572,mid,mid
"Manchester, Stormwater Outfall",47.55622,-122.54281,10,33,263,4659442.442,0.029810127,8.164556962,1.930379747,5.113924051,0.270253165,83.5443038,198.3929511,171.0284061,55.41320358,171.0284061,369.4213572,mid,mid
"Manchester, Stormwater Outfall",47.55622,-122.54281,10,33,264,2585048.133,0.029810127,8.164556962,1.930379747,5.113924051,0.270253165,83.5443038,198.3929511,171.0284061,55.41320358,171.0284061,369.4213572,mid,mid
Everett Harbor,47.9726,-122.22977,8.2,66,207,6115909.82,0.041329114,8.35443038,1.702531646,6.455696203,0.365189873,72.78481013,206.3799547,173.0928652,46.60192525,166.4354473,372.815402,mid,mid
Everett Harbor,47.9726,-122.22977,8.2,66,206,8135083.408,0.041329114,8.35443038,1.702531646,6.455696203,0.365189873,72.78481013,206.3799547,173.0928652,46.60192525,166.4354473,372.815402,mid,mid
Everett Harbor,47.9726,-122.22977,8.2,66,208,5808286.72,0.041329114,8.35443038,1.702531646,6.455696203,0.365189873,72.78481013,206.3799547,173.0928652,46.60192525,166.4354473,372.815402,mid,mid
Everett Harbor,47.9726,-122.22977,8.2,66,209,3196291.185,0.041329114,8.35443038,1.702531646,6.455696203,0.365189873,72.78481013,206.3799547,173.0928652,46.60192525,166.4354473,372.815402,mid,mid
Cap Sante,48.520971,-122.600717,7,64,214,1293401.195,0.029634146,7.743902439,1.902439024,5.298780488,0.179878049,81.09756098,254.6569343,63.66423358,29.28554745,120.9620438,375.6189781,mid,mid
Cap Sante,48.520971,-122.600717,7,64,215,4081902.821,0.029634146,7.743902439,1.902439024,5.298780488,0.179878049,81.09756098,254.6569343,63.66423358,29.28554745,120.9620438,375.6189781,mid,mid
Cap Sante,48.520971,-122.600717,7,64,216,1544138.095,0.029634146,7.743902439,1.902439024,5.298780488,0.179878049,81.09756098,254.6569343,63.66423358,29.28554745,120.9620438,375.6189781,mid,mid
Cap Sante,48.520971,-122.600717,7,64,217,11524795.48,0.029634146,7.743902439,1.902439024,5.298780488,0.179878049,81.09756098,254.6569343,63.66423358,29.28554745,120.9620438,375.6189781,mid,mid
Brackenwood Ln,47.68234,-122.5064,10,23,99,2161794.197,0.037455621,8.698224852,1.857988166,6.213017751,0.220118343,90.53254438,212.3820225,176.9850187,44.24625468,176.9850187,389.3670412,mid,mid
Brackenwood Ln,47.68234,-122.5064,10,23,96,1269668.342,0.037455621,8.698224852,1.857988166,6.213017751,0.220118343,90.53254438,212.3820225,176.9850187,44.24625468,176.9850187,389.3670412,mid,mid
Brackenwood Ln,47.68234,-122.5064,10,23,97,2011541.496,0.037455621,8.698224852,1.857988166,6.213017751,0.220118343,90.53254438,212.3820225,176.9850187,44.24625468,176.9850187,389.3670412,mid,mid
Brackenwood Ln,47.68234,-122.5064,10,23,98,1651491.582,0.037455621,8.698224852,1.857988166,6.213017751,0.220118343,90.53254438,212.3820225,176.9850187,44.24625468,176.9850187,389.3670412,mid,mid
West Bay Park,47.052362,-122.910912,13,73,182,10107486.98,0.031666667,8.205128205,1.852564103,6.602564103,0.202564103,78.20512821,182.212367,161.9665484,64.78661936,202.4581855,391.4191586,mid,mid
West Bay Park,47.052362,-122.910912,13,73,183,4200103.946,0.031666667,8.205128205,1.852564103,6.602564103,0.202564103,78.20512821,182.212367,161.9665484,64.78661936,202.4581855,391.4191586,mid,mid
West Bay Park,47.052362,-122.910912,13,73,184,15718987.84,0.031666667,8.205128205,1.852564103,6.602564103,0.202564103,78.20512821,182.212367,161.9665484,64.78661936,202.4581855,391.4191586,mid,mid
West Bay Park,47.052362,-122.910912,13,73,185,4006827.467,0.031666667,8.205128205,1.852564103,6.602564103,0.202564103,78.20512821,182.212367,161.9665484,64.78661936,202.4581855,391.4191586,mid,mid
Arroyo Beach,47.50161,-122.38593,11,13,281,3284818.832,0.036,9.647058824,1.952941176,5.623529412,0.242352941,104.1176471,216.1198402,168.0932091,49.22729694,186.1031957,408.2263648,mid,mid
Arroyo Beach,47.50161,-122.38593,11,13,282,6484263.485,0.036,9.647058824,1.952941176,5.623529412,0.242352941,104.1176471,216.1198402,168.0932091,49.22729694,186.1031957,408.2263648,mid,mid
Arroyo Beach,47.50161,-122.38593,11,13,283,8681719.944,0.036,9.647058824,1.952941176,5.623529412,0.242352941,104.1176471,216.1198402,168.0932091,49.22729694,186.1031957,408.2263648,mid,mid
Arroyo Beach,47.50161,-122.38593,11,13,284,1813467.799,0.036,9.647058824,1.952941176,5.623529412,0.242352941,104.1176471,216.1198402,168.0932091,49.22729694,186.1031957,408.2263648,mid,mid
Arroyo Beach,47.50161,-122.38593,11,13,285,1987287.444,0.036,9.647058824,1.952941176,5.623529412,0.242352941,104.1176471,216.1198402,168.0932091,49.22729694,186.1031957,408.2263648,mid,mid
Arroyo Beach,47.50161,-122.38593,11,13,286,6254098.963,0.036,9.647058824,1.952941176,5.623529412,0.242352941,104.1176471,216.1198402,168.0932091,49.22729694,186.1031957,408.2263648,mid,mid
Gig Harbor Boat Launch,47.33785,-122.58277,11,58,131,5582112.933,0.036748466,8.343558282,1.901840491,6.625766871,0.463190184,84.66257669,172.3839836,233.949692,73.8788501,246.2628337,418.6468172,mid,mid
Gig Harbor Boat Launch,47.33785,-122.58277,11,58,132,2734668.648,0.036748466,8.343558282,1.901840491,6.625766871,0.463190184,84.66257669,172.3839836,233.949692,73.8788501,246.2628337,418.6468172,mid,mid
Gig Harbor Boat Launch,47.33785,-122.58277,11,58,133,5447066.128,0.036748466,8.343558282,1.901840491,6.625766871,0.463190184,84.66257669,172.3839836,233.949692,73.8788501,246.2628337,418.6468172,mid,mid
Gig Harbor Boat Launch,47.33785,-122.58277,11,58,134,1608895.294,0.036748466,8.343558282,1.901840491,6.625766871,0.463190184,84.66257669,172.3839836,233.949692,73.8788501,246.2628337,418.6468172,mid,mid
"Suquamish, Stormwater Outfall",47.7296079,-122.5506191,10,34,5,5049234.832,0.032710843,8.674698795,1.891566265,6.385542169,0.208433735,82.53012048,231.9884793,206.2119816,63.7968318,193.3237327,425.312212,mid,mid
"Suquamish, Stormwater Outfall",47.7296079,-122.5506191,10,34,6,1547924.931,0.032710843,8.674698795,1.891566265,6.385542169,0.208433735,82.53012048,231.9884793,206.2119816,63.7968318,193.3237327,425.312212,mid,mid
"Suquamish, Stormwater Outfall",47.7296079,-122.5506191,10,34,7,5631534.737,0.032710843,8.674698795,1.891566265,6.385542169,0.208433735,82.53012048,231.9884793,206.2119816,63.7968318,193.3237327,425.312212,mid,mid
"Suquamish, Stormwater Outfall",47.7296079,-122.5506191,10,34,8,2072178.784,0.032710843,8.674698795,1.891566265,6.385542169,0.208433735,82.53012048,231.9884793,206.2119816,63.7968318,193.3237327,425.312212,mid,mid
Salmon Beach,47.29464,-122.53053,11,40,126,1382917.518,0.023798883,7.877094972,1.832402235,4.770949721,0.187150838,79.32960894,202.4216634,214.3288201,47.62862669,226.2359768,428.6576402,mid,mid
Salmon Beach,47.29464,-122.53053,11,40,123,917067.5299,0.023798883,7.877094972,1.832402235,4.770949721,0.187150838,79.32960894,202.4216634,214.3288201,47.62862669,226.2359768,428.6576402,mid,mid
Salmon Beach,47.29464,-122.53053,11,40,124,2352820.111,0.023798883,7.877094972,1.832402235,4.770949721,0.187150838,79.32960894,202.4216634,214.3288201,47.62862669,226.2359768,428.6576402,mid,mid
Browns Point Lighthouse,47.30515,-122.44441,11,54,194,1869821.038,0.032954545,8.465909091,1.710227273,6.931818182,0.260795455,90.34090909,257.4299611,175.520428,53.2411965,181.3711089,438.80107,mid,mid
Browns Point Lighthouse,47.30515,-122.44441,11,54,195,10377435.58,0.032954545,8.465909091,1.710227273,6.931818182,0.260795455,90.34090909,257.4299611,175.520428,53.2411965,181.3711089,438.80107,mid,mid
Browns Point Lighthouse,47.30515,-122.44441,11,54,196,9951688.477,0.032954545,8.465909091,1.710227273,6.931818182,0.260795455,90.34090909,257.4299611,175.520428,53.2411965,181.3711089,438.80107,mid,mid
Browns Point Lighthouse,47.30515,-122.44441,11,54,197,9992061.521,0.032954545,8.465909091,1.710227273,6.931818182,0.260795455,90.34090909,257.4299611,175.520428,53.2411965,181.3711089,438.80107,mid,mid
Mukilteo,47.94968,-122.30158,8.2,65,20,3799311.348,0.050645161,8.129032258,1.858064516,7.225806452,0.265806452,70.96774194,245.9927946,207.1518271,42.07771487,194.2048379,440.1976325,mid,mid
Mukilteo,47.94968,-122.30158,8.2,65,17,13015373,0.050645161,8.129032258,1.858064516,7.225806452,0.265806452,70.96774194,245.9927946,207.1518271,42.07771487,194.2048379,440.1976325,mid,mid
Mukilteo,47.94968,-122.30158,8.2,65,18,6552123.968,0.050645161,8.129032258,1.858064516,7.225806452,0.265806452,70.96774194,245.9927946,207.1518271,42.07771487,194.2048379,440.1976325,mid,mid
Mukilteo,47.94968,-122.30158,8.2,65,19,11487223.84,0.050645161,8.129032258,1.858064516,7.225806452,0.265806452,70.96774194,245.9927946,207.1518271,42.07771487,194.2048379,440.1976325,mid,mid
Skiff Point,47.66142,-122.49884,10,24,260,1852789.45,0.039325843,8.820224719,1.893258427,6.235955056,0.22247191,92.69662921,236.7788779,213.1009901,31.37320132,213.1009901,449.879868,high,mid
Skiff Point,47.66142,-122.49884,10,24,257,12721940.07,0.039325843,8.820224719,1.893258427,6.235955056,0.22247191,92.69662921,236.7788779,213.1009901,31.37320132,213.1009901,449.879868,high,mid
Skiff Point,47.66142,-122.49884,10,24,258,2870482.827,0.039325843,8.820224719,1.893258427,6.235955056,0.22247191,92.69662921,236.7788779,213.1009901,31.37320132,213.1009901,449.879868,high,mid
Skiff Point,47.66142,-122.49884,10,24,259,5003819.061,0.039325843,8.820224719,1.893258427,6.235955056,0.22247191,92.69662921,236.7788779,213.1009901,31.37320132,213.1009901,449.879868,high,mid
"Eastsound, Fishing Bay",48.69368,-122.90985,7,60,49,5588536.414,0.03,9.027027027,1.72972973,6,0.206486486,90.81081081,242.4711697,292.0675453,24.79818781,270.0247117,512.4958814,high,high
"Eastsound, Fishing Bay",48.69368,-122.90985,7,60,50,420155.34,0.03,9.027027027,1.72972973,6,0.206486486,90.81081081,242.4711697,292.0675453,24.79818781,270.0247117,512.4958814,high,high
"Eastsound, Fishing Bay",48.69368,-122.90985,7,60,51,5289198.37,0.03,9.027027027,1.72972973,6,0.206486486,90.81081081,242.4711697,292.0675453,24.79818781,270.0247117,512.4958814,high,high
"Eastsound, Fishing Bay",48.69368,-122.90985,7,60,52,776432.7164,0.03,9.027027027,1.72972973,6,0.206486486,90.81081081,242.4711697,292.0675453,24.79818781,270.0247117,512.4958814,high,high
Donkey Creek Delta,47.33775,-122.59014,11,44,265,4434123.279,0.030240964,8.915662651,1.93373494,7.34939759,0.885542169,92.77108434,238.0359712,257.8723022,105.793765,284.3207434,522.3567146,high,high
Donkey Creek Delta,47.33775,-122.59014,11,44,266,2345306.358,0.030240964,8.915662651,1.93373494,7.34939759,0.885542169,92.77108434,238.0359712,257.8723022,105.793765,284.3207434,522.3567146,high,high
Donkey Creek Delta,47.33775,-122.59014,11,44,267,1872904.6,0.030240964,8.915662651,1.93373494,7.34939759,0.885542169,92.77108434,238.0359712,257.8723022,105.793765,284.3207434,522.3567146,high,high
Edmonds Ferry,47.81407,-122.3825,9,69,227,16349554,0.036647727,8.352272727,1.732954545,6.988636364,0.326704545,89.20454545,257.235514,268.9280374,47.93934579,268.9280374,532.0098131,high,high
Edmonds Ferry,47.81407,-122.3825,9,69,228,7086401.343,0.036647727,8.352272727,1.732954545,6.988636364,0.326704545,89.20454545,257.235514,268.9280374,47.93934579,268.9280374,532.0098131,high,high
Edmonds Ferry,47.81407,-122.3825,9,69,229,5844279.76,0.036647727,8.352272727,1.732954545,6.988636364,0.326704545,89.20454545,257.235514,268.9280374,47.93934579,268.9280374,532.0098131,high,high
Edmonds Ferry,47.81407,-122.3825,9,69,230,3776739.987,0.036647727,8.352272727,1.732954545,6.988636364,0.326704545,89.20454545,257.235514,268.9280374,47.93934579,268.9280374,532.0098131,high,high
Friday Harbor,48.5069444,-123.0194444,7,61,222,6899778.5,0.033333333,9.388888889,1.777777778,7,0.183888889,93.33333333,206.8104887,338.4171633,25.69463647,319.6162098,532.693683,high,high
Friday Harbor,48.5069444,-123.0194444,7,61,223,4285885.482,0.033333333,9.388888889,1.777777778,7,0.183888889,93.33333333,206.8104887,338.4171633,25.69463647,319.6162098,532.693683,high,high
Friday Harbor,48.5069444,-123.0194444,7,61,224,3660475.27,0.033333333,9.388888889,1.777777778,7,0.183888889,93.33333333,206.8104887,338.4171633,25.69463647,319.6162098,532.693683,high,high
Friday Harbor,48.5069444,-123.0194444,7,61,225,6465686.829,0.033333333,9.388888889,1.777777778,7,0.183888889,93.33333333,206.8104887,338.4171633,25.69463647,319.6162098,532.693683,high,high
Friday Harbor,48.5069444,-123.0194444,7,61,226,5908857.287,0.033333333,9.388888889,1.777777778,7,0.183888889,93.33333333,206.8104887,338.4171633,25.69463647,319.6162098,532.693683,high,high
"Comm Bay, Milwaukee Waterway",47.2694,-122.4243,11,49,157,4263664.216,0.035512821,8.141025641,1.692307692,10.64102564,0.249358974,78.84615385,390.3665768,195.1832884,56.53584906,215.3746631,599.0107817,high,high
"Comm Bay, Milwaukee Waterway",47.2694,-122.4243,11,49,158,13167666.99,0.035512821,8.141025641,1.692307692,10.64102564,0.249358974,78.84615385,390.3665768,195.1832884,56.53584906,215.3746631,599.0107817,high,high
"Comm Bay, Milwaukee Waterway",47.2694,-122.4243,11,49,159,3461398.645,0.035512821,8.141025641,1.692307692,10.64102564,0.249358974,78.84615385,390.3665768,195.1832884,56.53584906,215.3746631,599.0107817,high,high
"Comm Bay, Milwaukee Waterway",47.2694,-122.4243,11,49,160,8190625.093,0.035512821,8.141025641,1.692307692,10.64102564,0.249358974,78.84615385,390.3665768,195.1832884,56.53584906,215.3746631,599.0107817,high,high
"Comm Bay, Milwaukee Waterway",47.2694,-122.4243,11,49,161,7886778.001,0.035512821,8.141025641,1.692307692,10.64102564,0.249358974,78.84615385,390.3665768,195.1832884,56.53584906,215.3746631,599.0107817,high,high
Point Defiance Ferry,47.3062,-122.5145,11,43,113,1927874.431,0.027377049,8.087431694,1.546448087,6.93989071,0.39726776,92.89617486,370.5727878,335.831589,63.69219791,335.831589,694.8239772,high,high
Point Defiance Ferry,47.3062,-122.5145,11,43,112,2846056.156,0.027377049,8.087431694,1.546448087,6.93989071,0.39726776,92.89617486,370.5727878,335.831589,63.69219791,335.831589,694.8239772,high,high
Point Defiance Ferry,47.3062,-122.5145,11,43,110,2208900.968,0.027377049,8.087431694,1.546448087,6.93989071,0.39726776,92.89617486,370.5727878,335.831589,63.69219791,335.831589,694.8239772,high,high
Point Defiance Ferry,47.3062,-122.5145,11,43,111,1482316.17,0.027377049,8.087431694,1.546448087,6.93989071,0.39726776,92.89617486,370.5727878,335.831589,63.69219791,335.831589,694.8239772,high,high
"Fidalgo Bay Aq Reserve, Weaverling Spit",48.482448,-122.583879,7,63,62,1670358.346,0.039759036,8.493975904,1.746987952,9.277108434,0.239156627,81.92771084,438.8161629,165.3510179,26.71054904,254.3861814,699.5619988,high,high
"Fidalgo Bay Aq Reserve, Weaverling Spit",48.482448,-122.583879,7,63,63,4330873.92,0.039759036,8.493975904,1.746987952,9.277108434,0.239156627,81.92771084,438.8161629,165.3510179,26.71054904,254.3861814,699.5619988,high,high
"Fidalgo Bay Aq Reserve, Weaverling Spit",48.482448,-122.583879,7,63,64,3613765.45,0.039759036,8.493975904,1.746987952,9.277108434,0.239156627,81.92771084,438.8161629,165.3510179,26.71054904,254.3861814,699.5619988,high,high
Edmonds Marina,47.8111,-122.388,9,68,21,2670663.546,0.051954023,8.275862069,1.747126437,8.563218391,0.331034483,81.6091954,304.567313,374.8520776,52.71357341,374.8520776,702.8476454,high,high
Edmonds Marina,47.8111,-122.388,9,68,22,6702703.93,0.051954023,8.275862069,1.747126437,8.563218391,0.331034483,81.6091954,304.567313,374.8520776,52.71357341,374.8520776,702.8476454,high,high
Edmonds Marina,47.8111,-122.388,9,68,23,52691210.55,0.051954023,8.275862069,1.747126437,8.563218391,0.331034483,81.6091954,304.567313,374.8520776,52.71357341,374.8520776,702.8476454,high,high
Blair Waterway,47.27568,-122.4173,11,41,152,3633029.828,0.032057143,8.114285714,1.622857143,5.828571429,0.255428571,98.85714286,456.559655,247.5323431,50.60661236,280.5366555,715.0934356,high,high
Blair Waterway,47.27568,-122.4173,11,41,149,4234624.268,0.032057143,8.114285714,1.622857143,5.828571429,0.255428571,98.85714286,456.559655,247.5323431,50.60661236,280.5366555,715.0934356,high,high
Blair Waterway,47.27568,-122.4173,11,41,150,5143570.449,0.032057143,8.114285714,1.622857143,5.828571429,0.255428571,98.85714286,456.559655,247.5323431,50.60661236,280.5366555,715.0934356,high,high
Blair Waterway,47.27568,-122.4173,11,41,151,4339810.41,0.032057143,8.114285714,1.622857143,5.828571429,0.255428571,98.85714286,456.559655,247.5323431,50.60661236,280.5366555,715.0934356,high,high
Kitsap St Boat Launch,47.54167,-122.64034,10,25,53,3525403.086,0.031589744,8.153846154,1.548717949,8.307692308,0.50974359,87.17948718,419.8019285,303.4712736,146.6777822,354.0498192,758.678184,high,high
Kitsap St Boat Launch,47.54167,-122.64034,10,25,54,990428.3988,0.031589744,8.153846154,1.548717949,8.307692308,0.50974359,87.17948718,419.8019285,303.4712736,146.6777822,354.0498192,758.678184,high,high
Kitsap St Boat Launch,47.54167,-122.64034,10,25,55,1035758.422,0.031589744,8.153846154,1.548717949,8.307692308,0.50974359,87.17948718,419.8019285,303.4712736,146.6777822,354.0498192,758.678184,high,high
Kitsap St Boat Launch,47.54167,-122.64034,10,25,56,5860347.517,0.031589744,8.153846154,1.548717949,8.307692308,0.50974359,87.17948718,419.8019285,303.4712736,146.6777822,354.0498192,758.678184,high,high
"Comm Bay, Dick Gilmur Launch",47.292549,-122.412175,11,48,115,4636576.897,0.032831325,7.34939759,1.608433735,5.873493976,0.271686747,75.90361446,442.7216981,332.0412736,84.6379717,338.5518868,781.2735849,high,high
"Comm Bay, Dick Gilmur Launch",47.292549,-122.412175,11,48,116,4040139.802,0.032831325,7.34939759,1.608433735,5.873493976,0.271686747,75.90361446,442.7216981,332.0412736,84.6379717,338.5518868,781.2735849,high,high
"Comm Bay, Dick Gilmur Launch",47.292549,-122.412175,11,48,117,2353037.661,0.032831325,7.34939759,1.608433735,5.873493976,0.271686747,75.90361446,442.7216981,332.0412736,84.6379717,338.5518868,781.2735849,high,high
Comm Bay Skookum,47.29,-122.41,11,45,37,6405635.77,0.033961039,8.441558442,1.974025974,6.688311688,0.292857143,92.20779221,461.6337427,342.9279231,92.32674853,369.3069941,857.3198078,high,high
Comm Bay Skookum,47.29,-122.41,11,45,38,6222160.272,0.033961039,8.441558442,1.974025974,6.688311688,0.292857143,92.20779221,461.6337427,342.9279231,92.32674853,369.3069941,857.3198078,high,high
Comm Bay Skookum,47.29,-122.41,11,45,40,4652774.201,0.033961039,8.441558442,1.974025974,6.688311688,0.292857143,92.20779221,461.6337427,342.9279231,92.32674853,369.3069941,857.3198078,high,high
Eagle Harbor Dr,47.61889,-122.5275,10,31,60,1556796.569,0.04597561,8.536585366,1.932926829,8.475609756,0.62804878,79.26829268,364.3548387,577.4680463,103.119294,653.0888618,1031.19294,high,vhigh
Eagle Harbor Dr,47.61889,-122.5275,10,31,57,2871509.72,0.04597561,8.536585366,1.932926829,8.475609756,0.62804878,79.26829268,364.3548387,577.4680463,103.119294,653.0888618,1031.19294,high,vhigh
Eagle Harbor Dr,47.61889,-122.5275,10,31,58,939065.4732,0.04597561,8.536585366,1.932926829,8.475609756,0.62804878,79.26829268,364.3548387,577.4680463,103.119294,653.0888618,1031.19294,high,vhigh
Eagle Harbor Dr,47.61889,-122.5275,10,31,59,2018230.909,0.04597561,8.536585366,1.932926829,8.475609756,0.62804878,79.26829268,364.3548387,577.4680463,103.119294,653.0888618,1031.19294,high,vhigh
Blair Waterway #2,47.2632444,-122.385731,11,42,141,7415687.477,-0.0236,8.373493976,1.704819277,8.13253012,0.184939759,85.54216867,610.9503136,299.3656536,54.98552822,403.2272069,1038.615533,high,vhigh
Blair Waterway #2,47.2632444,-122.385731,11,42,142,2336026.125,-0.0236,8.373493976,1.704819277,8.13253012,0.184939759,85.54216867,610.9503136,299.3656536,54.98552822,403.2272069,1038.615533,high,vhigh
Blair Waterway #2,47.2632444,-122.385731,11,42,143,3199450.886,-0.0236,8.373493976,1.704819277,8.13253012,0.184939759,85.54216867,610.9503136,299.3656536,54.98552822,403.2272069,1038.615533,high,vhigh
Blair Waterway #2,47.2632444,-122.385731,11,42,144,4752300.998,-0.0236,8.373493976,1.704819277,8.13253012,0.184939759,85.54216867,610.9503136,299.3656536,54.98552822,403.2272069,1038.615533,high,vhigh
"Salmon Bay, Commodore Park",47.6663,-122.4018,10,16,287,5250261.746,0.039481481,7.703703704,1.955555556,7.555555556,0.556296296,80.74074074,476.2352941,409.2647059,126.5,535.7647059,1041.764706,high,vhigh
"Salmon Bay, Commodore Park",47.6663,-122.4018,10,16,288,6062837.107,0.039481481,7.703703704,1.955555556,7.555555556,0.556296296,80.74074074,476.2352941,409.2647059,126.5,535.7647059,1041.764706,high,vhigh
"Salmon Bay, Commodore Park",47.6663,-122.4018,10,16,289,1817198.502,0.039481481,7.703703704,1.955555556,7.555555556,0.556296296,80.74074074,476.2352941,409.2647059,126.5,535.7647059,1041.764706,high,vhigh
"Salmon Bay, Commodore Park",47.6663,-122.4018,10,16,290,4648411.807,0.039481481,7.703703704,1.955555556,7.555555556,0.556296296,80.74074074,476.2352941,409.2647059,126.5,535.7647059,1041.764706,high,vhigh
Thea Foss Waterway,47.259189,-122.434689,11,46,118,735844.6195,0.025465839,7.51552795,1.925465839,9.130434783,0.461490683,86.95652174,584.1500994,454.3389662,84.37723658,545.2067594,1103.394632,high,vhigh
Thea Foss Waterway,47.259189,-122.434689,11,46,119,1453865.493,0.025465839,7.51552795,1.925465839,9.130434783,0.461490683,86.95652174,584.1500994,454.3389662,84.37723658,545.2067594,1103.394632,high,vhigh
Thea Foss Waterway,47.259189,-122.434689,11,46,122,8793139.785,0.025465839,7.51552795,1.925465839,9.130434783,0.461490683,86.95652174,584.1500994,454.3389662,84.37723658,545.2067594,1103.394632,high,vhigh
Port Angeles Yacht Club,48.12823,-123.45715,6,1,247,12351981.85,0.028128655,8.596491228,1.783625731,7.134502924,0.257309942,91.8128655,781.3402062,1081.85567,72.12371134,1202.061856,1983.402062,high,vhigh
Port Angeles Yacht Club,48.12823,-123.45715,6,1,248,2439233.143,0.028128655,8.596491228,1.783625731,7.134502924,0.257309942,91.8128655,781.3402062,1081.85567,72.12371134,1202.061856,1983.402062,high,vhigh
Port Angeles Yacht Club,48.12823,-123.45715,6,1,244,6195514.045,0.028128655,8.596491228,1.783625731,7.134502924,0.257309942,91.8128655,781.3402062,1081.85567,72.12371134,1202.061856,1983.402062,high,vhigh
Port Angeles Yacht Club,48.12823,-123.45715,6,1,245,4874820.912,0.028128655,8.596491228,1.783625731,7.134502924,0.257309942,91.8128655,781.3402062,1081.85567,72.12371134,1202.061856,1983.402062,high,vhigh
Port Angeles Yacht Club,48.12823,-123.45715,6,1,246,2729240.396,0.028128655,8.596491228,1.783625731,7.134502924,0.257309942,91.8128655,781.3402062,1081.85567,72.12371134,1202.061856,1983.402062,high,vhigh
Port Angeles Yacht Club,48.12823,-123.45715,6,1,243,5418303.459,0.028128655,8.596491228,1.783625731,7.134502924,0.257309942,91.8128655,781.3402062,1081.85567,72.12371134,1202.061856,1983.402062,high,vhigh
Shilshole Bay,47.671678,-122.406663,10,18,291,3787448.393,0.042040816,8.027210884,1.537414966,7.959183673,0.413605442,76.8707483,714.1281669,1052.399404,112.757079,1277.913562,2029.627422,high,vhigh
Shilshole Bay,47.671678,-122.406663,10,18,292,2701768.594,0.042040816,8.027210884,1.537414966,7.959183673,0.413605442,76.8707483,714.1281669,1052.399404,112.757079,1277.913562,2029.627422,high,vhigh
Shilshole Bay,47.671678,-122.406663,10,18,293,1902525.416,0.042040816,8.027210884,1.537414966,7.959183673,0.413605442,76.8707483,714.1281669,1052.399404,112.757079,1277.913562,2029.627422,high,vhigh
Shilshole Bay,47.671678,-122.406663,10,18,294,2449213.424,0.042040816,8.027210884,1.537414966,7.959183673,0.413605442,76.8707483,714.1281669,1052.399404,112.757079,1277.913562,2029.627422,high,vhigh
N Avenue Park,48.52108,-122.61531,7,62,210,3680655.654,0.036420455,10.28409091,1.926136364,5.795454545,0.447159091,94.88636364,1248.163772,976.8238213,35.81687345,1085.359801,2333.523573,high,vhigh
N Avenue Park,48.52108,-122.61531,7,62,211,8637808.831,0.036420455,10.28409091,1.926136364,5.795454545,0.447159091,94.88636364,1248.163772,976.8238213,35.81687345,1085.359801,2333.523573,high,vhigh
N Avenue Park,48.52108,-122.61531,7,62,212,5167149.882,0.036420455,10.28409091,1.926136364,5.795454545,0.447159091,94.88636364,1248.163772,976.8238213,35.81687345,1085.359801,2333.523573,high,vhigh
N Avenue Park,48.52108,-122.61531,7,62,213,9574141.682,0.036420455,10.28409091,1.926136364,5.795454545,0.447159091,94.88636364,1248.163772,976.8238213,35.81687345,1085.359801,2333.523573,high,vhigh
"Elliott Bay, Harbor Island, Pier 17",47.58766,-122.35065,10,14,32,9121682.642,0.033390805,7.988505747,1.816091954,9.08045977,0.279310345,94.82758621,1141.131247,1882.866557,136.9357496,2054.036244,3195.16749,high,vhigh
"Elliott Bay, Harbor Island, Pier 17",47.58766,-122.35065,10,14,29,6895112.507,0.033390805,7.988505747,1.816091954,9.08045977,0.279310345,94.82758621,1141.131247,1882.866557,136.9357496,2054.036244,3195.16749,high,vhigh
"Elliott Bay, Harbor Island, Pier 17",47.58766,-122.35065,10,14,30,12184392.72,0.033390805,7.988505747,1.816091954,9.08045977,0.279310345,94.82758621,1141.131247,1882.866557,136.9357496,2054.036244,3195.16749,high,vhigh
"Elliott Bay, Harbor Island, Pier 17",47.58766,-122.35065,10,14,31,8570642.497,0.033390805,7.988505747,1.816091954,9.08045977,0.279310345,94.82758621,1141.131247,1882.866557,136.9357496,2054.036244,3195.16749,high,vhigh
"Seattle Aquarium, Pier 59",47.607,-122.342,10,17,78,2711671.665,0.039254658,8.819875776,1.98136646,7.763975155,0.418012422,85.0931677,1101.653543,1879.291339,136.0866142,2203.307087,3304.96063,high,vhigh
"Seattle Aquarium, Pier 59",47.607,-122.342,10,17,79,2380701.981,0.039254658,8.819875776,1.98136646,7.763975155,0.418012422,85.0931677,1101.653543,1879.291339,136.0866142,2203.307087,3304.96063,high,vhigh
"Seattle Aquarium, Pier 59",47.607,-122.342,10,17,80,4563731.25,0.039254658,8.819875776,1.98136646,7.763975155,0.418012422,85.0931677,1101.653543,1879.291339,136.0866142,2203.307087,3304.96063,high,vhigh
"Seattle Aquarium, Pier 59",47.607,-122.342,10,17,81,2492093.031,0.039254658,8.819875776,1.98136646,7.763975155,0.418012422,85.0931677,1101.653543,1879.291339,136.0866142,2203.307087,3304.96063,high,vhigh
"Smith Cove, Terminal 91",47.63237,-122.37869,10,15,92,2166610.684,0.032814371,8.562874251,1.77245509,7.724550898,0.55748503,110.7784431,2145.983118,4161.906653,175.5804369,4682.144985,7153.277061,high,vhigh
"Smith Cove, Terminal 91",47.63237,-122.37869,10,15,93,7730819.154,0.032814371,8.562874251,1.77245509,7.724550898,0.55748503,110.7784431,2145.983118,4161.906653,175.5804369,4682.144985,7153.277061,high,vhigh
"Smith Cove, Terminal 91",47.63237,-122.37869,10,15,94,1618147.398,0.032814371,8.562874251,1.77245509,7.724550898,0.55748503,110.7784431,2145.983118,4161.906653,175.5804369,4682.144985,7153.277061,high,vhigh
"Smith Cove, Terminal 91",47.63237,-122.37869,10,15,95,4318288.155,0.032814371,8.562874251,1.77245509,7.724550898,0.55748503,110.7784431,2145.983118,4161.906653,175.5804369,4682.144985,7153.277061,high,vhigh
Elliot Bay Myrtle Edwards,47.61862,-122.36108,10,19,73,2882039.042,0.039329268,8.170731707,1.798780488,6.402439024,0.284756098,89.02439024,3220.912454,8052.281134,140.9149199,9394.32799,12078.4217,high,vhigh
Elliot Bay Myrtle Edwards,47.61862,-122.36108,10,19,72,2002595.476,0.039329268,8.170731707,1.798780488,6.402439024,0.284756098,89.02439024,3220.912454,8052.281134,140.9149199,9394.32799,12078.4217,high,vhigh
Elliot Bay Myrtle Edwards,47.61862,-122.36108,10,19,69,1806125.391,0.039329268,8.170731707,1.798780488,6.402439024,0.284756098,89.02439024,3220.912454,8052.281134,140.9149199,9394.32799,12078.4217,high,vhigh
Elliot Bay Myrtle Edwards,47.61862,-122.36108,10,19,70,2362697.601,0.039329268,8.170731707,1.798780488,6.402439024,0.284756098,89.02439024,3220.912454,8052.281134,140.9149199,9394.32799,12078.4217,high,vhigh
Elliot Bay Myrtle Edwards,47.61862,-122.36108,10,19,71,3124140.742,0.039329268,8.170731707,1.798780488,6.402439024,0.284756098,89.02439024,3220.912454,8052.281134,140.9149199,9394.32799,12078.4217,high,vhigh
Des Moines Marina,47.40301418,-122.3305538,11,21,1,5083144.37,0.040853659,8.536585366,1.969512195,6.463414634,0.278658537,93.90243902,6125.287886,9800.460617,55.12759097,8575.40304,14700.69093,high,vhigh
Des Moines Marina,47.40301418,-122.3305538,11,21,4,16661987.34,0.040853659,8.536585366,1.969512195,6.463414634,0.278658537,93.90243902,6125.287886,9800.460617,55.12759097,8575.40304,14700.69093,high,vhigh
Des Moines Marina,47.40301418,-122.3305538,11,21,2,10486497.94,0.040853659,8.536585366,1.969512195,6.463414634,0.278658537,93.90243902,6125.287886,9800.460617,55.12759097,8575.40304,14700.69093,high,vhigh
Des Moines Marina,47.40301418,-122.3305538,11,21,3,3510592.064,0.040853659,8.536585366,1.969512195,6.463414634,0.278658537,93.90243902,6125.287886,9800.460617,55.12759097,8575.40304,14700.69093,high,vhigh