"","site_name","reporting_area","latitude","longitude","p450","sod","shell","weight_initial","weight_change","weight_final","length","height","width","ci1","ci2","ci3","z_p450","z_sod","z_shell","z_length","z_height","z_width","z_weight_initial","z_weight_change","z_weight_final","ai_z_p450","ai_z_sod","ai_z_shell","ai_z_length","ai_z_height","ai_z_width","ai_z_weight_initial","ai_z_weight_change","ai_z_weight_final","ibr_biomarker","ibr_morphometric","ibr_combined"
"1","Aiston Preserve","7",48.6793778,-122.6300583,4712860.25,3.440125,0.81125,12.95925,8.97575,3.98375,55.4825,19.0175,25.705,33.0675,0.69325,0.0525,-0.267655874322925,-0.888960753582201,0.254372160766594,-0.667082274903284,-0.725937257000617,-0.11034812483704,-0.953045000296041,-0.813219903185021,-0.876498782112733,0.75077453241639,1.96807135685034,1.93781001647566,1.53894128229718,1.72776131929423,1.37256315674518,2.31841589303451,2.22626098005155,1.59745163789261,2.71884588926673,12.7192042857909,15.4380501750577
"2","Arroyo Beach","11",47.50161,-122.38593,4750942.667,6.83175,0.87,15.2695,10.18883333,5.080833333,57.89666667,20.445,26.70166667,31.975,0.665833333,0.0525,-0.255851288533252,-0.1596860704168,0.809720153293155,0.650386076447398,0.451332090633042,0.585828949360368,0.722968554231998,0.312985302457179,1.32104048711051,0.762579118206062,1.23879667368493,2.49315800900222,0.221472930946502,0.550491971660572,0.67638608254777,0.642402338506473,1.10005577440935,0.600087631330631,2.001375791891,6.28405473840352,8.28543053029452
"3","Blair Waterway","11",47.27568,-122.4173,4337758.5,6.51775,0.83875,15.229,10.83275,4.39625,56.86,20.64,27.1425,34.155,0.71225,0.05875,-0.383927926796147,-0.227203042521303,0.514322284927963,0.0846523408287614,0.612149969994558,0.893753421127942,0.693587080816399,0.910786201884089,-0.0502306935475875,0.634502479943168,1.30631364578944,2.19776014063703,0.787206666565139,0.389674092299057,0.368461610780196,0.671783811922072,0.502254874982437,0.771183549327468,1.94081612573261,5.6883247465134,7.62914087224601
"4","Blair Waterway Two","11",47.2632444,-122.385731,4425866.25,10.796,0.8575,12.00375,7.7635,4.24025,53.025,19.185,23.7575,32.0525,0.64725,0.052,-0.356616753411065,0.692715702402554,0.691561005947079,-2.00819865832362,-0.587798822164443,-1.47068743667482,-1.64623013236034,-1.93865145992709,-0.362710261586771,0.66181365332825,0.386394900865581,2.37499886165615,2.88005766571752,1.58962288445806,2.73290246858295,3.01160102509881,3.35169253679362,1.08366311736665,1.04820855419383,17.0245385596738,18.0727471138676
"5","Brackenwood Lane","10",47.68234,-122.5064,1773623.75,7.573125,0.67125,17.169,11.896,5.2735,60.8175,20.325,27.755,34.62,0.693,0.0525,-1.17874482701165,-0.000273983811780524,-1.06901028950947,2.24435451270504,0.352367241795186,1.32158799288694,2.10099593084752,1.89788878196741,1.70696610813429,0.160314420272338,1.07938458707992,0.6144275661996,1.37249550531114,0.649456820498429,0.059372960978797,0.735625038109049,0.484847705100886,0.986013252354407,1.23969900735225,4.90223884855231,6.14193785590456
"6","Broad Spit","12",47.78184,-122.83474,2286051.5,7.116,0.66375,14.126,10.02675,4.09975,57.7875,19.4275,25.875,34.22,0.71025,0.052,-1.01990518886884,-0.0985660088858923,-1.13990577791711,0.590811220024024,-0.38780735680461,0.00839779712055873,-0.106604651959027,0.162509992575687,-0.644142180237443,0.00147478212952756,1.17767661215403,0.543532077791953,0.281047787369876,1.38963141909822,1.25381723478758,1.4719755446975,1.25053108429084,1.36509503601732,1.17915139428355,7.5556301840533,8.73478157833685
"7","Browns Point Lighthouse","11",47.30515,-122.44441,8047751.75,2.3115,0.84875,15.79525,11.01775,4.7775,57.8175,19.7725,26.3425,36.5325,0.6985,0.057,0.766076118344403,-1.13164018874604,0.608849602804824,0.607182935793144,-0.103283416395773,0.334949082503954,1.10438360727522,1.08253694471542,0.713441327702015,1.78450652508372,2.21075079201417,2.29228745851389,0.264676071600757,1.10510747868939,0.927265949404184,0.260987285463246,0.330504132151105,0.00751152807786526,3.99525731709789,5.18833990390044,9.18359722099833
"8","Cap Sante","7",48.520971,-122.600717,4611059.25,18.5045,0.79,11.15275,7.6525,3.50075,54.2325,17.645,24.36,33.09,0.68525,0.0485,-0.299211608770515,2.35021436312728,0.0535016102782636,-1.34923709861658,-1.85784771558359,-1.04983791914862,-2.2636038083276,-2.04170190562589,-1.84398359854174,0.719218797968799,1.27110375985914,1.73693946598733,2.22109610601048,2.8596717778772,2.31205295105676,3.62897470106607,3.45474298249242,2.56493645432162,1.99032255782794,18.7784144388119,20.7687369966398
"9","Chambers Bay Park","13",47.1905742,-122.5834897,8752275,11.61675,1.05625,13.44125,8.56725,4.87425,56.4675,19.0125,25.195,31.15,0.63375,0.047,0.984460501495387,0.869195176462334,2.5702914487497,-0.129544273817211,-0.73006079236886,-0.466585890709833,-0.603369193226454,-1.19246411100448,0.907238752110931,2.0028909082347,0.2099154268058,4.25372930445877,1.00140328121111,1.73188485466247,1.72880092261797,1.96874008596493,2.605505187871,0.186285896331051,2.2128063350405,13.4763495331173,15.6891558681578
"10","Cherry Point Aquatic Reserve, Conoco Phillips","7",48.8208,-122.7101,3716200,3.864,0.86875,12.99975,8.543,4.45675,55.025,18.755,23.535,34.5775,0.6565,0.0505,-0.576595336444801,-0.797818216796225,0.797904238558548,-0.91675094038235,-0.942422863833426,-1.62610489335461,-0.923663526880443,-1.21497738405129,0.0709552927753009,0.441835070294514,1.87692882006436,2.48134209426761,1.78860994777625,1.94424692612704,2.88831992526275,2.28903441961891,2.62801846091781,0.64999756300458,2.31876389035887,14.669569336975,16.9883332273338
"11","Chimacum Creek delta","9",48.04906,-122.7724,2641298.75,1.903875,0.90375,14.7475,9.42125,5.32625,56.24,20.675,24.945,32.1025,0.63525,0.052,-0.909787529079284,-1.2192886147145,1.12874985112756,-0.25369645173303,0.641014717572266,-0.64121224652983,0.344274007986511,-0.399625546799297,1.81262826976292,0.10864287766003,2.29839921798264,2.81218770683663,1.12555545912693,0.360809344721349,1.90342727843797,1.02109688475196,1.81266662366582,1.09167541398304,2.40704209564267,10.1274187115237,12.5344608071664
"12","Chuckanut, Clark's Point","7",48.68975,-122.50434,2740842.75,11.211,0.7275,14.57175,10.023,4.54875,56.82,20.2325,25.6675,33.8,0.69025,0.055,-0.878931407529879,0.781949917126659,-0.537294126452121,0.0628233864699365,0.276081837482674,-0.136542078210038,0.216772922732402,0.159028558599376,0.255238114952254,0.139498999209435,0.297160686141476,1.14614372925695,0.809035620923964,0.72574222481094,1.39875711011818,1.14859797000607,1.25401251826715,0.465714740827627,0.436659685350911,6.94800391421087,7.38466359956178
"13","Commencement Bay Skookum","11",47.29,-122.41,5884345.75,9.0745,0.755,12.44525,8.3025,4.14275,54.015,18.9175,24.865,32.655,0.66725,0.053,0.0954749922422636,0.322554977950635,-0.277344002290752,-1.46793203794269,-0.808407964365495,-0.69709268039223,-1.32593579870635,-1.43825334973202,-0.558009991611258,1.11390539898158,0.756555625317499,1.40609385341831,2.33979104533659,1.81023202665911,1.95930771230037,2.69130669144482,2.85129442659855,1.27896284739114,1.87046102429908,14.3369886031489,16.207449627448
"14","Commencement Bay, Dick Gilmur Launch","11",47.292549,-122.412175,3653913.5,14.00875,0.8325,15.7915,11.19275,4.599,59.73,20.3275,26.545,34.4975,0.70825,0.05225,-0.595902575604238,1.38352828879982,0.455242711254925,1.65087981607448,0.354429009479309,0.476396430718152,1.10166310047748,1.24500386360993,0.355892591195644,0.422527831135077,0.304417685531689,2.13868056696399,0.779020808680576,0.647395052814306,0.785818601189987,0.263707792260987,0.168037213256601,0.365060264584236,0.726945516666766,5.14772029975068,5.87466581641745
"15","Commencement Bay, Milwaukee Waterway","11",47.2694,-122.4243,7394026.6,8.1685,0.821,13.0952,8.8386,4.2566,54.804,18.138,24.774,35.642,0.6736,0.0534,0.56343786100792,0.127744860986686,0.346536295696533,-1.03735591321486,-1.45126712827473,-0.760656673910707,-0.854417560521954,-0.940547548478628,-0.329959999167279,1.58186826774723,0.951365742281448,2.0299741514056,1.90921492060876,2.45309119056835,2.02287170581885,2.21978845326043,2.35358862534515,1.05091285494716,2.53323401002868,14.0394419019543,16.572675911983
"16","Des Moines Marina","11",47.40301418,-122.3305538,8935555.25,8.79275,0.995,14.1205,9.2275,4.893,57.33,19.0075,26.3575,32.14,0.653,0.049,1.04127274202827,0.261972471930114,1.99131162675392,0.341142554544958,-0.734184327737103,0.345426663853154,-0.110594728595713,-0.579499635575356,0.944796392500256,2.05970314876758,0.817138131338021,3.67474948246299,0.530716452848942,1.73600839003072,0.916788368054984,1.47596562133418,1.99254071244188,0.223843536720375,2.87684128010561,10.5506125638941,13.4274538439997
"17","Discovery Bay","6",48.064957,-122.857524,3982486.25,9.3325,0.79375,16.212,11.08375,5.12825,57.3975,20.535,27.7575,33.9175,0.68325,0.059,-0.494053335953207,0.378030706622488,0.0889493544820859,0.377978915025477,0.525555727261434,1.32333425644514,1.40672259606413,1.14381018269849,1.41601958725165,0.524377070786107,0.701079896645646,1.77238721019115,0.493880092368423,0.476268335032181,0.0611192245369978,0.0413517033256556,0.269230894168035,0.695066731471771,1.22545696743175,3.80930419109422,5.03476115852597
"18","Donkey Creek Delta","11",47.33775,-122.59014,3830029,2.500625,0.73375,14.9235,10.61625,4.3075,58.8675,19.38,27.055,34.5325,0.71175,0.052,-0.541311226304087,-1.09097411438532,-0.478214552779082,1.18019298771231,-0.426980942802928,0.832634196590944,0.471956460360468,0.709791413651746,-0.228003524723725,0.477119180435227,2.17008471765346,1.20522330292998,0.308333980318406,1.42880500509654,0.429580835317194,0.893414432378003,0.70324966321478,0.948956380503606,2.64720389808869,5.91756359975852,8.5647674978472
"19","Eagle Harbor Dr","10",47.61889,-122.5275,1846400.75,12.60975,0.8925,13.76675,9.68075,4.08625,54.8775,16.735,23.6625,44.34,0.70175,0.058,-1.15618579826054,1.08271222518772,1.02240661851609,-0.997245209580519,-2.608331152604,-1.53704545188641,-0.367229203182573,-0.15871031563859,-0.671183681317758,0.137755391521223,0.00360162191958735,2.70584447422516,1.86910421697442,3.61015521489761,2.79926048379455,1.73260009592104,1.57175139250512,1.39213653709764,0.14135701344081,15.6808524154155,15.8222094288564
"20","Eastsound, Fishing Bay","7",48.69368,-122.90985,3018580.5,7.731875,0.465,11.8205,8.0905,3.73,54.7375,18.7625,24.3325,32.3575,0.68475,0.0495,-0.792839731759786,0.0338607910977413,-3.01863622071973,-1.07364654983641,-0.93623756078106,-1.06904681828882,-1.77917223120993,-1.63507041719279,-1.38477884871493,0.225590674979528,1.04524981217039,1.33519836501067,1.94550555723031,1.93806162307467,2.33126185019696,3.1445431239484,3.04811149405932,2.10573170449481,1.27084048714992,15.8484137180151,17.1192542051651
"21","Edmonds Ferry","9",47.81407,-122.3825,8264243.75,0.206375,0.69,14.47725,10.1775,4.3,56.1975,19.5675,23.985,38.3775,0.703,0.057,0.833183161124216,-1.58428880626672,-0.891771568490352,-0.276889715739284,-0.272348366493778,-1.31177745287862,0.14821615142934,0.302463638423381,-0.243026580879455,1.85161356786353,2.66339940953485,0.791666287218715,1.14874872313318,1.27417242878739,2.57399248478676,1.21715474130913,1.11057743844315,0.963979436659336,4.51501297739838,9.08029154033766,13.595304517736
"22","Edmonds Marina","9",47.8111,-122.388,16840952.75,13.85375,0.765,13.11825,9.12825,3.99,56.1175,18.49,25.7325,34.205,0.69675,0.0515,3.49174596147253,1.35019984715588,-0.18281668441389,-0.320547624456933,-1.16097023835036,-0.0911392256968384,-0.837695512071842,-0.671641588148382,-0.863979568649624,4.51017636821185,0.271089243887747,1.50062117129518,1.19240663185083,2.16279430064397,1.35335425760498,2.20306640481031,2.08468266501491,1.5849324244295,4.78126561209959,12.0818578556497,16.8631234677493
"23","Eld Inlet","13",47.074603,-123.003527,9802343.25,9.86125,0.7075,17.22025,12.35375,4.86625,58.03,21.505,28.88,33.765,0.7155,0.06225,1.30995509240163,0.491723697069164,-0.726348762205844,0.723149255824403,1.32552158870077,2.10740659407692,2.13817619041664,2.32285582267575,0.891214158878153,2.32838549914094,0.587386906198971,0.957089093503223,0.148709751569498,0.323697526407151,0.845191562168784,0.77280529767817,0.909814745809223,0.170261303098272,2.91577240533991,4.12756928023432,7.04334168557423
"24","Elliot Bay Myrtle Edwards","10",47.61862,-122.36108,2435519.6,11.726,0.824,15.449,10.7418,4.707,56.626,20.654,25.88,35.04,0.6948,0.0582,-0.973573859392846,0.89268635226621,0.374894491059592,-0.0430470421703676,0.62369586902564,0.011890324236958,0.853190146283846,0.82634982317863,0.572224599838154,0.0448565473464688,0.186424251001924,2.05833234676866,0.914906049564268,0.378128193267974,1.25032470767118,0.512180746454625,0.586691253687896,0.148728255941726,0.231280798348393,5.84929155335633,6.08057235170472
"25","Elliott Bay, Harbor Island, Pier 17","10",47.58766,-122.35065,9192957.75,5.5,0.85625,14.71475,9.5905,5.12425,58.9075,19.14,24.76,34.215,0.65325,0.0465,1.12106100477761,-0.446041890799514,0.67974509121247,1.20202194207113,-0.624910640478638,-0.770435749836627,0.320514915286243,-0.242496826668469,1.40800729063526,2.13949141151693,1.52515249406765,2.36318294692154,0.330162934677231,1.62673470277225,2.03265078174477,1.04485597745223,1.655537903535,0.687054434855381,3.66464390558458,9.74017968195839,13.404823587543
"26","Everett Harbor","8.2",47.9726,-122.22977,5813892.75,2.31775,0.77625,12.00475,7.91175,4.09325,54.335,17.755,23.895,34.2575,0.65825,0.04925,0.0736363446942426,-1.13029629997007,-0.0764734518024213,-1.29330040307209,-1.76712993748222,-1.37464294097382,-1.64550466388094,-1.80101877006361,-0.657162162239076,1.09206675143356,2.20940690323821,1.60696440390665,2.16515941046599,2.76895399977584,2.63685797288196,3.01087555661941,3.21405984693013,1.37811501801896,3.30147365467176,16.7809862085989,20.0824598632707
"27","Fidalgo Bay Aq Reserve, Weaverling Spit","7",48.482448,-122.583879,3181280,11.87725,0.7625,13.663,9.7325,3.93075,56.08,19.3575,24.1325,37.1425,0.712,0.05525,-0.742407003036535,0.925208460644573,-0.206448513883106,-0.341012269168333,-0.445536851960023,-1.20874790294482,-0.442496557920062,-0.110666526765501,-0.98266171227989,0.27602340370278,0.153902142623561,1.47698934182596,1.21287127656223,1.44736091425364,2.47096293485296,1.80786745065853,1.52370760363203,1.70361456805977,0.429925546326341,11.6433740898451,12.0732996361715
"28","Filucy Bay","13",47.19483,-122.748665,10877772,5.009,0.85625,14.28075,9.41175,4.869,58.49,19.06,22.7,36.8175,0.6525,0.04575,1.64331079669043,-0.551617793039358,0.67974509121247,0.974182230950894,-0.690887206370543,-2.2093569217934,0.00566159522773407,-0.408445179539285,0.89672261280192,2.66174120342974,1.63072839630749,2.36318294692154,0.102323223556994,1.69271126866416,3.47157195370154,1.35970929751074,1.82148625640581,0.175769757022039,4.29246959973723,10.9867547037828,15.27922430352
"29","Friday Harbor","7",48.5069444,-123.0194444,5444136.6,6.7096,0.75,12.1138,8.241,3.8728,56.408,18.574,23.89,32.616,0.6726,0.0458,-0.0409787070219826,-0.185951032654268,-0.324607661229183,-0.162014843425964,-1.09169484416386,-1.37813546809022,-1.56639232620265,-1.49534886694352,-1.09873985950983,0.977451699717332,1.2650616359224,1.35883019447988,1.03387385081986,2.09351890645747,2.64035049999836,2.93176321894112,2.90838994381004,1.81969271528971,2.24251333563973,14.7864193297964,17.0289326654362
"30","Gig Harbor Boat Launch","11",47.33785,-122.58277,3843185.75,14.972,0.965,13.38425,8.3875,4.9975,54.325,19.445,26.1875,30.2725,0.62675,0.05225,-0.537232966668196,1.59064842695162,1.70772967312334,-1.29875764166179,-0.373374983015755,0.226680741895555,-0.644720896552111,-1.35934084626898,1.15411764160343,0.481197440071118,0.511537823683482,3.39116752883241,2.17061664905569,1.37519904530937,1.03553429001258,2.01009178929058,2.7723819231355,0.433164785823545,0.9927352637546,13.1881560114597,14.1808912752143
"31","Hood Canal Holly","12",47.5706,-122.9717,1596840.167,1.640416667,0.676666667,16.26683333,11.226,5.040833333,59,20.72666667,26.75666667,34.305,0.689833333,0.054833333,-1.23354326513939,-1.27593800617903,-1.01780798917526,1.25250139902592,0.683624585793143,0.624246747640767,1.44650244859953,1.27587257819988,1.24091752094662,0.215112858400073,2.35504860944716,0.66562986653381,0.380642391632015,0.318199476500471,0.637968284267371,0.081131555861057,0.137168498666644,0.519964665166738,2.57016146784723,2.74070473862811,5.31086620647534
"32","Jamestown","6",48.024789,-122.998135,3175079,7.752666667,0.573333333,13.94633333,9.8345,4.111833333,56.42166667,19.65166667,26.16833333,33.86166667,0.7035,0.054833333,-0.74432915615202,0.0383314611641271,-1.99459028020465,-0.154556615534286,-0.202935518379313,0.213292718954337,-0.236947157842336,-0.0159715226098466,-0.619938368209793,0.274101250587295,1.04077914210401,0.311152424495579,1.02641562292819,1.20475958067293,1.0489223129538,1.60231805058081,1.42901259947637,1.34089122398967,1.3148803926913,7.96347181509735,9.27835220778865
"33","Kingston Marina","10",47.794695,-122.499858,5460804.75,4.371,0.81125,15.20425,9.717,5.48725,58.5325,20.73,25.615,31.25,0.63675,0.04825,-0.0358120022240669,-0.68880195928991,0.254372160766594,0.997375494957144,0.686373606622949,-0.173213612932239,0.675631735951312,-0.125056453867585,2.13512320857259,0.982618404515248,1.76791256255804,1.93781001647566,0.125516487563244,0.315450455670665,1.43542864484038,0.68973915678716,1.53809753073411,1.41417035279271,2.75053096707329,7.45621264486393,10.2067436119372
"34","Kitsap St Boat Launch","10",47.54167,-122.64034,2852984.25,10.748,0.8325,15.1685,10.762,4.4065,60.055,20.58,27.9575,32.885,0.71075,0.05175,-0.84417037969563,0.682394636603139,0.455242711254925,1.82824007023993,0.562667545575628,1.46303534110113,0.649696237812852,0.845103147531025,-0.0296991834680898,0.174260027043685,0.396715966664995,2.13868056696399,0.956381062846033,0.439156516717986,0.200820309192995,0.71567465492562,0.567937929335501,0.75065203924797,0.57097599370868,5.7693030792301,6.34027907293878
"35","Kopachuck State Park","13",47.30973,-122.68868,7013734.75,4.72575,0.7775,15.15675,10.3005,4.8566,57.1825,23.3675,29.155,30.045,0.67975,0.05425,0.445557008843571,-0.612522832366112,-0.0646575370678139,0.260648285346789,2.86153851337165,2.29949558547892,0.641171983179932,0.416654672846375,0.871884493291114,1.46398741558289,1.69163343563425,1.61878031864125,0.611210722047111,1.85971445107804,1.03728055357078,0.72419890955854,0.996386404020151,0.150931637511234,3.15562085121713,6.99850299642711,10.1541238476442
"36","Lions Park","10",47.5833538,-122.6414587,6373166.5,10.424,0.75,11.463,7.80225,3.661,52.5125,21.89,25.035,27.645,0.678,0.05375,0.246997057639185,0.612727442457091,-0.324607661229183,-2.28788213604606,1.64303381205555,-0.578346758434631,-2.03852721259453,-1.90267664217188,-1.52299096534764,1.2654274643785,0.466383160811043,1.35883019447988,3.15974114343996,0.64120974976194,1.84056179034277,3.403898105333,3.31571771903841,2.24394382112752,1.73181062518954,15.9639025235235,17.695713148713
"37","Locust Beach","7",48.77636877,-122.5378679,2368800.25,6.15025,0.6875,14.03325,10.24025,3.793,59.9525,19.2975,26.625,32.66,0.731,0.047,-0.994255169901739,-0.306223702548071,-0.915403397959567,1.77230337469544,-0.495019276378953,0.53227686458055,-0.173891853423143,0.360719633626982,-1.2585851770068,0.0241752368375755,1.38533430581621,0.7680344577495,0.900444367301543,1.49684333867257,0.729938167327589,1.53926274616161,1.05232144323954,1.97953803278668,1.40950954265378,8.46638255323903,9.87589209589282
"38","Madrona Pont","10",47.57995505,-122.6786,7017559.75,4.52025,0.805,13.83075,9.1675,4.66325,57.9625,19.52,24.6525,32.025,0.66025,0.0455,0.446742662071556,-0.656709895319855,0.195292587093556,0.686312895343884,-0.311521952492096,-0.845525082839227,-0.320799220501134,-0.635202579196328,0.484590105596396,1.46517306881087,1.73582049858799,1.87873044280262,0.185546112050017,1.31334601478571,2.10774011474737,1.6861701132396,2.04824365606285,0.236362750183485,3.20099356739886,9.45613920387166,12.6571327712705
"39","Manchester, Stormwater Outfall","10",47.55622,-122.54281,7715455.75,3.407625,0.60625,15.4415,11.27875,4.16275,56.62,21.35,27.255,34.17,0.73075,0.062,0.663072765391126,-0.895948975217221,-1.68343785570907,-0.0463213853241916,1.1976919922852,0.972335281246941,0.847749132688365,1.32484474946665,-0.517948508529313,1.68150317213044,1.97505957848536,0,0.918180392718092,0.19586792999159,0.289879750661197,0.517621760050107,0.0881963273998725,1.23890136430919,3.6565627506158,3.24864752513005,6.90521027574585
"40","Maple Hollow Park","13",47.30008,-122.74566,12906891.5,4.6215,0.775,15.13775,10.76925,4.3685,58.09,19.43,25.9075,36.405,0.71025,0.05425,2.27228650522401,-0.634938897149215,-0.0882893665370288,0.755892687362642,-0.385745589120487,0.0310992233771575,0.627388082071379,0.851833919885225,-0.105816001323788,3.29071691196333,1.71404950041735,1.59514848917204,0.115966320031259,1.3875696514141,1.23111580853098,0.737982810667092,0.561207156981301,0.826768857103669,5.00476641238068,6.45575909390044,11.4605255062811
"41","Maristone Island","9",48.018127,-122.699524,4711148.333,5.722,0.699166667,15.06416667,11.0075,4.056666667,57.905,20.36166667,27.23833333,33.65333333,0.7255,0.055666667,-0.268186525281641,-0.398306961477222,-0.805121523952318,0.654933773453074,0.382606503911334,0.960693521863924,0.574005695547276,1.07302102518017,-0.730441291042112,0.750243881457673,1.47741756474536,0.878316331756749,0.216925233940827,0.61921755838228,0.301521510044214,0.791365197191195,0.340020051686354,1.45139414682199,2.22766144620303,4.59876002982361,6.82642147602664
"42","Meyer's Point, Henderson Inlet","13",47.11795,-122.83359,2252669.75,15.21175,0.78875,14.16075,9.92275,4.23825,56.0125,19.55,25.25,35.8875,0.7025,0.05625,-1.03025268681479,1.64220000039765,0.0416856955436551,-0.377848629648848,-0.286780740282631,-0.428168092429434,-0.0813946222999636,0.0659582236326679,-0.366716409894965,0.0118222800754795,0.563089397129516,1.72512355125272,1.24970763704275,1.28860480257625,1.69038312433757,1.44676551503843,1.34708285323386,1.08766926567485,0.574911677204995,9.83533674915643,10.4102484263614
"43","Miller Creek","11",47.4436,-122.360316,15899206.5,4.015375,0.82125,15.95475,11.064,4.8905,58.395,20.99,26.4025,34.2125,0.6955,0.05575,3.19982845003341,-0.765269230642343,0.348899478643456,0.922338464348685,0.900797445771635,0.376859407900752,1.22009582973912,1.12547463042325,0.939788707115013,4.21825885677272,1.84437983391048,2.03233733435252,0.0504794569547842,0.101026616521979,0.885355624007386,0.145275062999347,0.287566446443271,0.218835851335133,6.0626386906832,3.72087639261442,9.78351508329763
"44","Minter Bay","13",47.3539722,-122.69175,8029787,5.00975,0.9175,15.73,10.238,5.49225,58.5675,20.445,23.6375,36.9575,0.6505,0.051,0.760507500350303,-0.551456526386243,1.25872491320825,1.01647583002112,0.451332090633042,-1.55450808746841,1.05704678899454,0.358630773241195,2.14513857934308,1.77893790708962,1.63056712965438,2.94216276891731,0.144616822627218,0.550491971660572,2.81672311937655,0.308324103743931,1.05441030362533,1.4241857235632,3.409505036744,9.24091481351412,12.6504198502581
"45","Mukilteo","8.2",47.94968,-122.30158,8713508,7.6065,0.79125,12.06025,8.4225,3.63775,54.9,18.66,25.16,32.595,0.699,0.05075,0.972443712295578,0.00690238225187477,0.065317525012871,-0.984966422753679,-1.02077003583006,-0.491033580524633,-1.60524116327438,-1.32684746249007,-1.56956243943041,1.99087411903489,1.07220822101626,1.74875538072194,1.85682543014758,2.02259409812367,1.75324861243277,2.97061205601285,2.7398885393566,2.29051529521029,3.06308234005115,15.3824394120057,18.4455217520569
"46","N Avenue Park","7",48.52108,-122.61531,6764939.25,1.446375,0.8225,14.89425,10.3425,4.552,56.5325,20.755,24.13,36.6475,0.6935,0.057,0.368436698338218,-1.31766127311517,0.360715393378063,-0.0940722229841212,0.706991283464168,-1.21049416650302,0.450736507338091,0.455646733381056,0.261748105953069,1.38686710507753,2.39677187638331,2.04415324908713,0.965931230378022,0.294832778829446,2.47270919841116,0.91463438540038,0.95739434348547,0.459204749826812,3.78363898146084,8.10885993541842,11.8924989168793
"47","North Camano","8.1",48.255358,-122.507014,12423809,0.75175,0.7675,15.03,10.5455,4.48425,58.52,20.465,26.99,32.4425,0.70175,0.05225,2.12254315215009,-1.46702107167597,-0.159184854944675,0.990553946720014,0.467826232106018,0.787231344077744,0.5492188534163,0.644108359298682,0.126039832012977,3.14097355888941,2.54613167494411,1.52425300076439,0.118694939326113,0.533997830187597,0.474983687830394,0.816152039322172,0.768932717567845,0.594913023766904,5.68710523383351,4.83192723876542,10.5190324725989
"48","Oak Bay County Park","9",48.02218,-122.728709,2335225.75,11.8395,0.77375,14.24175,9.78925,4.45275,55.8125,19.4525,25.7325,34.77,0.6845,0.056,-1.00466241547114,0.917091372437742,-0.100105281271636,-0.486993401442976,-0.367189679963389,-0.0911392256968384,-0.0226316754687676,-0.057980825923998,0.0629429961589107,0.0137679912681741,0.162019230830392,1.58333257443743,1.35885240883688,1.369013742257,1.35335425760498,1.38800256820724,1.47102190279052,0.65800985962097,0.175787222098567,9.18158731375502,9.35737453585359
"49","Penn Cove Reference","8.1",48.21423,-122.718972,2290809.25,12.593,0.60625,16.155,11.37375,4.78125,58.3025,21.1125,27.67,33.44,0.70375,0.0575,-1.01843040673931,1.07911060326813,-1.68343785570907,0.8718590073939,1.00182406229361,1.26221503190814,1.36537089273847,1.41304107686653,0.720952855779881,0,0,0,0,0,0,0,0,0,0,0,0
"50","Penrose Point State Park","13",47.2619,-122.7376,7562838.75,4.423,0.8575,14.34575,9.71125,4.6345,54.695,23.3125,30.18,26.3225,0.6765,0.06475,0.615765356581901,-0.677620804673877,0.691561005947079,-1.09683981384266,2.81617962432097,3.01546364434091,0.0528170463885715,-0.130394652631262,0.427001723666099,1.63419576332122,1.75673140794201,2.37499886165615,1.96869882123656,1.81435556202735,1.75324861243277,1.3125538463499,1.54343572949779,0.293951132113782,3.39092717126323,11.0612425653143,14.4521697365775
"51","Point Defiance Ferry","11",47.3062,-122.5145,2116286.75,6.454,0.83875,13.99725,10.00425,3.993,56.78,18.76,25.5425,36.8175,0.71425,0.05475,-1.07252796634216,-0.240910708036151,0.514322284927963,0.0409944321111117,-0.93829932846518,-0.223855256120037,-0.200008718681453,0.141621388717823,-0.857970346187333,0.0540975596028488,1.32002131130429,2.19776014063703,0.830864575282789,1.94012339075879,1.48607028802818,1.56537961141992,1.2714196881487,1.57892320196721,1.37411887090713,10.8705408962426,12.2446597671498
"52","Port Angeles Yacht Club","6",48.12823,-123.45715,5668182.167,7.99825,0.800833333,14.85966667,10.24833333,4.611666667,55.43,21.26833333,25.13166667,34.22833333,0.688666667,0.059166667,0.0284697504235421,0.091137330729388,0.155906201493953,-0.695732777499243,1.13034091185486,-0.510824565189213,0.42564739151049,0.36822405488131,0.381264864481901,1.04690015716286,0.987973272538747,1.83934405720302,1.56759178489314,0.128516849561247,1.77303959709735,0.939723501227982,1.04481702198522,0.33968799129798,2.0348734297016,7.63272080326594,9.66759423296755
"53","Purdy, Burley Lagoon","13",47.386977,-122.6367089,3937235,10.05025,0.915,16.55525,11.41875,5.1365,59.435,20.9775,27.2175,32.9,0.69325,0.053,-0.508080078602312,0.532362893654359,1.23509308373903,1.48989127767814,0.890488607351026,0.946141327873943,1.65573965161731,1.45481828458226,1.43254494902295,0.510350328137002,0.546747709613776,2.9185309394481,0.618032270284242,0.111335454942589,0.316073704034195,0.290368758878843,0.0417772077157295,0.711592093243073,1.05709803775078,5.00771042854677,6.06480846629755
"54","Purdy, Dexters","13",47.38566,-122.627255,4578794.25,1.760875,0.84375,14.4615,9.848,4.61375,58.315,19.28,25.7625,33.7725,0.679,0.049,-0.309212942470101,-1.25003678990859,0.561585943866394,0.878680555631031,-0.509451650167805,-0.0701840629984404,0.136790022878829,-0.00343836029512728,0.385437934968579,0.709217464269214,2.32914739317673,2.24502379957546,0.00682154823713066,1.51127571246142,1.33239909490658,1.22858086985964,1.41647943716165,0.335514920811302,3.03836485744594,8.07609538301319,11.1144602404591
"55","Raft Island Park","13",47.32598,-122.66724,4185580.75,3.778125,0.65375,13.412,9.7555,3.65675,56.79,18.835,25.4425,35.5425,0.7245,0.0525,-0.431099179218341,-0.81628324857799,-1.23443309579397,0.0464516707008169,-0.87644629794152,-0.293705798448037,-0.62458914624883,-0.0893137317107948,-1.53150403050256,0.587331227520974,1.89539385184613,0.449004759915093,0.825407336693084,1.87827036023513,1.55592083035618,1.9899600389873,1.50235480857732,2.25245688628244,2.4827250793671,10.4533750210465,12.9361001004136
"56","Reach Island","13",47.346537,-122.82236,5721095,4.58375,0.77,14.13325,9.48275,4.6505,55.62,20.34,25.4925,32.295,0.6665,0.054,0.0448713899655671,-0.643055985356046,-0.13555302547546,-0.592045244294824,0.364737847899918,-0.258780527284037,-0.101345005483394,-0.342530029587801,0.459050910131656,1.06330179670488,1.72216658862418,1.54788483023361,1.46390425168872,0.637086214393696,1.52099555919218,1.46671589822187,1.75557110645433,0.261901945648225,2.78546838532906,8.65405980583262,11.4395281911617
"57","Rich Passage","10",47.578117,-122.524833,5061124.75,2.31975,0.81,12.95775,9.24175,3.71625,55.49,18.99,25.1825,34.6525,0.71225,0.0535,-0.159702690370676,-1.12986625556176,0.242556246031987,-0.662989345961004,-0.748616701525959,-0.475317208500832,-0.954133203015137,-0.566270186465375,-1.41232111833377,0.858727716368638,2.2089768588299,1.92599410174105,1.5348483533549,1.75044076381957,1.73753224040897,2.31950409575361,1.9793112633319,2.13327397411365,3.06770457519854,13.3809047925237,16.4486093677222
"58","Rocky Point","10",47.60255,-122.66992,9469801.25,9.8955,0.68875,13.43925,9.5945,3.8445,53.75,20.4975,25.705,33.8525,0.71425,0.0615,1.20687548567212,0.499088207561454,-0.90358748322496,-1.61254886056991,0.494629211999603,-0.11034812483704,-0.604820130185249,-0.238783297093738,-1.15542685807078,2.22530589241143,0.58002239570668,0.779850372484107,2.48440786796381,0.507194850294012,1.37256315674518,1.97019102292372,1.65182437396026,1.87637971385067,2.80532828811811,10.6424113582218,13.4477396463399
"59","Salmon Bay, Commodore Park","10",47.6663,-122.4018,4444677.5,3.79425,0.7075,15.517,11.148,4.369,58.0075,20.5325,27.2175,34.4,0.71825,0.05725,-0.350785741833308,-0.812816015536,-0.726348762205844,0.710870468997563,0.523493959577311,0.946141327873943,0.902522002882875,1.20345875149262,-0.10481446424674,0.667644664906006,1.89192661880413,0.957089093503223,0.160988538396338,0.478330102716304,0.316073704034195,0.462848889855596,0.20958232537391,0.825767320026621,2.55957128371014,3.41067997390619,5.97025125761633
"60","Salmon Beach","11",47.29464,-122.53053,2076089.5,7.299625,0.86375,12.862,8.8005,4.06175,54.6075,19.4375,24.61,33.51,0.684,0.054,-1.08498809685683,-0.0590825566480279,0.750640579620117,-1.14459065150259,-0.379560286068121,-0.875211563328626,-1.02359680991745,-0.975918917677946,-0.720258998093142,0.0665576901175138,1.13819315991616,2.43407843532918,2.01644965889649,1.38138434836174,2.13742659523676,2.38896770265592,2.38895999454447,1.44121185387302,1.20475085003368,14.1884785888976,15.3932294389313
"61","Seattle Aquarium, Pier 59","10",47.607,-122.342,3037049.5,15.6175,0.8425,14.80475,10.42525,4.3795,58.83,18.6975,25.86,36.3475,0.704,0.05075,-0.787114809023148,1.72944525973333,0.549770029131786,1.15972834300091,-0.989843520568229,-0.00207978422864149,0.385807078432017,0.532470376458315,-0.0837821856287177,0.231315597716167,0.650334656465192,2.23320788484085,0.287869335607007,1.99166758286184,1.26429481613678,0.979563814306454,0.880570700408211,0.804735041408598,0.881650254181358,8.44190917556975,9.32355942975111
"62","Shilshole Bay","10",47.671678,-122.406663,2710238.75,9.90675,0.55625,11.07575,8.0975,2.97825,53.335,18.945,24.8375,32.2925,0.7285,0.053,-0.888417873252555,0.501507207358192,-2.15607444509337,-1.83902426204272,-0.785728519840153,-0.71630157953243,-2.31946488124121,-1.62857174043701,-2.89058984405759,0.13001253348676,0.577603395909942,0.472636589384307,2.71088326943662,1.78755258213377,1.97851661144057,3.68483577397968,3.04161281730354,3.61154269983747,0.707615929396702,17.2875803435159,17.9951962729126
"63","Silverdale, Dyes Inlet","10",47.6427936,-122.6967068,1419996,28.254,0.6875,14.88375,10.3795,4.50425,56.0325,19.865,26.975,34.43,0.698,0.05875,-1.28836048277436,4.44657334253127,-0.915403397959567,-0.366934152469438,-0.0269980120832616,0.776753762728547,0.443119088304417,0.489996881947323,0.166101315094922,0.269930076035041,3.36746273926314,0.7680344577495,1.23879315986334,1.02882207437688,0.485461269179592,0.922251804434054,0.923044194919203,0.554851540684958,3.63739281529818,5.92125850120752,9.5586513165057
"64","Skiff Point","10",47.66142,-122.49884,5612257.75,4.779,0.55875,14.322,10.1585,4.1635,57.525,20.3975,25.6625,33.5975,0.70725,0.053,0.0111345960342107,-0.601072899994886,-2.13244261562416,0.447558707044232,0.412158504634725,-0.140034605326438,0.0355871700028802,0.284824372943406,-0.516446202913739,1.02956500277353,1.68018350326302,0.449004759915092,0.424300300349669,0.58966555765889,1.40224963723458,1.32978372273559,1.12821670392312,1.23739905869362,2.70974850603655,6.56061974051056,9.2703682465471
"65","Smith Cove, Terminal 91","10",47.63237,-122.37869,3958466.25,7.5955,0.74,14.108,9.9185,4.1895,54,19.505,25.99,35.735,0.701,0.06275,-0.501498928250249,0.00453713800617578,-0.419134979106044,-1.47611789582725,-0.323892558596828,0.0887259207977562,-0.119663084588181,0.062012598459515,-0.46436627490721,0.516931478489065,1.07457346526196,1.26430287660302,2.34797690322115,1.32571662089044,1.17348911111038,1.48503397732665,1.35102847840701,1.18531913068709,1.59150494375102,10.1328670982458,11.7243720419968
"66","South of Skunk Island","9",48.02667,-122.75076,4437927.25,10.11125,0.78625,13.1975,9.35625,3.84125,54.215,19.88,25.4675,33.92,0.71075,0.0585,-0.352878148552838,0.545479248107781,0.0180538660744402,-1.35878726614856,-0.0146274059785292,-0.276243162866036,-0.780202135079591,-0.459970402388685,-1.1619368490716,0.665552258186477,0.533631355160353,1.70149172178351,2.23064627354246,1.01645146827214,1.53845819477417,2.14557302781806,1.87301147925521,1.88288970485148,1.19918361334683,12.388521870297,13.5877054836439
"67","Squaxin Island","13",47.17650485,-122.9046464,6185908.75,6.574125,0.85625,14.472,9.8375,4.6345,56.3825,20.0175,25.2,34.795,0.68175,0.055,0.188951892736549,-0.215081165762095,0.67974509121247,-0.175930801829715,0.0987698166481798,-0.463093363593434,0.144407441912503,-0.0131863754287979,0.427001723666099,1.20738229947586,1.29419176903023,2.36318294692154,1.04778980922362,0.903054245645434,1.72530839550157,1.22096345082597,1.42622745229532,0.293951132113782,2.50157406850609,8.98047743252723,11.4820515010333
"68","Suquamish Stormwater Outfall","10",47.7296079,-122.5506191,3575218.5,5.81925,1.02125,15.04725,9.98825,5.059,55.36,23.285,29.27,28.27,0.665,0.0595,-0.620296034630702,-0.3773960521232,2.23944583618069,-0.733933447627188,2.79350017979562,2.37982370915612,0.561733184685907,0.126767270418897,1.27730670208041,0.398134372108612,1.45650665539133,3.92288369188975,1.60579245502109,1.79167611750201,1.11760867724798,0.803637708052565,1.28627380644763,0.556353846300531,1.85464102749995,11.0842263024616,12.9388673299615
"69","Thea Foss Waterway","11",47.259189,-122.434689,9969514.6,11.7874,0.897,13.194,8.497,4.6976,57.874,19.884,26.258,29.332,0.6148,0.0448,1.36177398148764,0.905888715601294,1.06494391156068,0.638016333824985,-0.0113285776839329,0.275925374236794,-0.782741274757482,-1.2576829741607,0.553395702789641,2.38020438822695,0.17322188766684,2.74838176726975,0.233842673568916,1.01315263997755,0.986289657671345,2.14811216749595,2.67072405102723,0.16755715299024,2.55342627589379,9.96806011000097,12.5214863858948
"70","Three Tree Point","11",47.44896,-122.372267,7868514.75,7.91575,0.8125,16.89325,12.26075,4.6325,58.755,21.7175,27.555,34.825,0.7265,0.0605,0.710517183017807,0.0733979988866444,0.266188075501202,1.11879905357811,1.50077184185114,1.18188690823094,1.90094799765366,2.23651626006324,0.422995575357905,1.72894758975712,1.00571260438149,1.94962593121027,0.246940046184212,0.498947779557523,0.0803281236772,0.535577104915191,0.823475183196715,0.297957280421976,2.73466019413861,4.43285144916308,7.1675116433017
"71","Tulalip Bay","8.2",48.0617,-122.2939,5438866.5,6.253833333,0.874166667,14.074,10.02,4.054,56.51333333,19.99166667,25.57166667,34.03666667,0.709333333,0.054666667,-0.0426123046891198,-0.283950985972744,0.849106538892758,-0.104531932100136,0.0774648866612782,-0.20348217894602,-0.144329012887696,0.156243411418327,-0.735782822787395,0.975818102050195,1.36306158924088,2.53254439460182,0.976390939494037,0.924359175632336,1.46569721085416,1.50969990562617,1.2567976654482,1.45673567856728,2.33887969129107,10.122224970224,12.4611046615151
"72","Tulalip Reservation","8.2",48.0697859,-122.2997764,5097254.75,3.952125,0.78375,14.307,9.8595,4.44725,58.56,19.5675,26.48,32.4325,0.68925,0.049,-0.148503304455101,-0.778869385055113,-0.0055779633947757,1.01238290107884,-0.272348366493778,0.430993578204952,0.0247051428119188,0.0072380372322257,0.0519260883113762,0.869927102284213,1.85797998832325,1.67785989231429,0.140523893684938,1.27417242878739,0.831221453703187,1.34066574992655,1.4058030396343,0.669026767468505,2.72790709060746,7.33927322551917,10.0671803161266
"73","West Bay Park","13",47.052362,-122.910912,8508351.5,4.628,0.7725,15.0645,10.3975,4.66675,56.8575,20.935,26.215,32.975,0.68675,0.05625,0.908850387729051,-0.633541252822211,-0.111921196006245,0.083288031181336,0.855438556720951,0.245889641035755,0.574247515955514,0.506707765033616,0.491600865135738,1.92728079446837,1.71265185609035,1.57151665970282,0.788570976212565,0.146385505572663,1.01632539087238,0.791123376782958,0.906333311832911,0.229351990644142,3.63993265055871,5.44960721162044,9.08953986217915
"74","Williams Olson Park","10",47.66586,-122.56698,3067078.5,6.457625,0.67125,13.20775,9.1555,4.05225,55.9775,18.695,25.3225,33.9625,0.6875,0.05125,-0.777806578753045,-0.240131252546091,-1.06901028950947,-0.396948964712822,-0.991905288252352,-0.377526449241634,-0.772766083165766,-0.646343167920523,-0.739288202557067,0.240623827986269,1.31924185581423,0.6144275661996,1.26880797210672,1.99372935054597,1.63974148114977,2.13813697590424,2.05938424478705,1.46024105833695,1.55986568380049,11.1744686490303,12.7343343328308
